Site Name,Latitude,Longitude,Timestamp,Species,Sighting Count,Image URL
Station1,0.0,0.0,2024-10-07 11:01:06,None,0,https://traptagger.co.uk/imageViewer?type=image&id=209431017
Station1,0.0,0.0,2024-10-07 11:01:07,None,0,https://traptagger.co.uk/imageViewer?type=image&id=209431010
Station1,0.0,0.0,2024-10-07 11:01:07,None,0,https://traptagger.co.uk/imageViewer?type=image&id=209431027
Station1,0.0,0.0,2024-10-09 11:07:42,Vehicles/Humans/Livestock,1,https://traptagger.co.uk/imageViewer?type=image&id=209431013
Station1,0.0,0.0,2024-10-09 11:07:42,Vehicles/Humans/Livestock,1,https://traptagger.co.uk/imageViewer?type=image&id=209431022
Station1,0.0,0.0,2024-10-09 11:07:43,Vehicles/Humans/Livestock,1,https://traptagger.co.uk/imageViewer?type=image&id=209431005
Station1,0.0,0.0,2024-10-14 09:24:28,None,0,https://traptagger.co.uk/imageViewer?type=image&id=209430963
Station1,0.0,0.0,2024-10-14 09:24:28,None,0,https://traptagger.co.uk/imageViewer?type=image&id=209430992
Station1,0.0,0.0,2024-10-14 09:24:29,None,0,https://traptagger.co.uk/imageViewer?type=image&id=209430980
Station1,0.0,0.0,2024-10-14 21:47:21,None,0,https://traptagger.co.uk/imageViewer?type=image&id=209430983
Station1,0.0,0.0,2024-10-14 21:47:21,None,0,https://traptagger.co.uk/imageViewer?type=image&id=209430996
Station1,0.0,0.0,2024-10-14 21:47:21,None,0,https://traptagger.co.uk/imageViewer?type=image&id=209431000
Station1,0.0,0.0,2024-10-22 00:19:12,Apodemus,1,https://traptagger.co.uk/imageViewer?type=image&id=209430976
Station1,0.0,0.0,2024-10-22 00:19:12,Apodemus,1,https://traptagger.co.uk/imageViewer?type=image&id=209430987
Station1,0.0,0.0,2024-10-22 00:19:13,Apodemus,1,https://traptagger.co.uk/imageViewer?type=image&id=209430972
Station1,0.0,0.0,2024-10-22 03:15:46,Apodemus,1,https://traptagger.co.uk/imageViewer?type=image&id=209430955
Station1,0.0,0.0,2024-10-22 03:15:46,Apodemus,1,https://traptagger.co.uk/imageViewer?type=image&id=209430967
Station1,0.0,0.0,2024-10-22 03:15:47,Apodemus,1,https://traptagger.co.uk/imageViewer?type=image&id=209430959
Station1,0.0,0.0,2025-09-01 09:59:30,Vehicles/Humans/Livestock,3,https://traptagger.co.uk/imageViewer?type=image&id=250320633
Station1,0.0,0.0,2025-09-01 09:59:31,Vehicles/Humans/Livestock,2,https://traptagger.co.uk/imageViewer?type=image&id=250320631
Station1,0.0,0.0,2025-09-01 09:59:32,Vehicles/Humans/Livestock,1,https://traptagger.co.uk/imageViewer?type=image&id=250320585
Station1,0.0,0.0,2025-09-01 21:53:06,Apodemus,1,https://traptagger.co.uk/imageViewer?type=image&id=250320639
Station1,0.0,0.0,2025-09-01 21:53:07,Apodemus,1,https://traptagger.co.uk/imageViewer?type=image&id=250320620
Station1,0.0,0.0,2025-09-01 21:53:07,Apodemus,1,https://traptagger.co.uk/imageViewer?type=image&id=250320626
Station1,0.0,0.0,2025-09-08 09:35:43,None,0,https://traptagger.co.uk/imageViewer?type=image&id=250320607
Station1,0.0,0.0,2025-09-08 09:35:44,None,0,https://traptagger.co.uk/imageViewer?type=image&id=250320591
Station1,0.0,0.0,2025-09-08 09:35:44,None,0,https://traptagger.co.uk/imageViewer?type=image&id=250320614
Station1,0.0,0.0,2025-09-09 05:03:31,None,0,https://traptagger.co.uk/imageViewer?type=image&id=250320587
Station1,0.0,0.0,2025-09-09 05:03:31,None,0,https://traptagger.co.uk/imageViewer?type=image&id=250320601
Station1,0.0,0.0,2025-09-09 05:03:32,None,0,https://traptagger.co.uk/imageViewer?type=image&id=250320595
Station1,0.0,0.0,2025-09-15 10:18:28,None,0,https://traptagger.co.uk/imageViewer?type=image&id=250320593
Station1,0.0,0.0,2025-09-15 10:18:29,None,0,https://traptagger.co.uk/imageViewer?type=image&id=250320589
Station1,0.0,0.0,2025-09-15 10:18:30,None,0,https://traptagger.co.uk/imageViewer?type=image&id=250320578
Station10,0.0,0.0,2024-10-09 12:12:23,Vehicles/Humans/Livestock,3,https://traptagger.co.uk/imageViewer?type=image&id=209430942
Station10,0.0,0.0,2024-10-09 12:12:23,Vehicles/Humans/Livestock,1,https://traptagger.co.uk/imageViewer?type=image&id=209430946
Station10,0.0,0.0,2024-10-09 12:12:24,Vehicles/Humans/Livestock,1,https://traptagger.co.uk/imageViewer?type=image&id=209430950
Station10,0.0,0.0,2024-10-14 10:49:11,None,0,https://traptagger.co.uk/imageViewer?type=image&id=209430937
Station10,0.0,0.0,2024-10-14 10:49:12,None,0,https://traptagger.co.uk/imageViewer?type=image&id=209430927
Station10,0.0,0.0,2024-10-14 10:49:13,None,0,https://traptagger.co.uk/imageViewer?type=image&id=209430901
Station10,0.0,0.0,2024-10-16 11:39:04,Vehicles/Humans/Livestock,1,https://traptagger.co.uk/imageViewer?type=image&id=209430932
Station10,0.0,0.0,2024-10-16 11:39:05,Vehicles/Humans/Livestock,1,https://traptagger.co.uk/imageViewer?type=image&id=209430913
Station10,0.0,0.0,2024-10-16 11:39:05,Vehicles/Humans/Livestock,1,https://traptagger.co.uk/imageViewer?type=image&id=209430923
Station10,0.0,0.0,2024-10-21 09:49:20,None,0,https://traptagger.co.uk/imageViewer?type=image&id=209430897
Station10,0.0,0.0,2024-10-21 09:49:20,None,0,https://traptagger.co.uk/imageViewer?type=image&id=209430918
Station10,0.0,0.0,2024-10-21 09:49:21,None,0,https://traptagger.co.uk/imageViewer?type=image&id=209430909
Station10,0.0,0.0,2025-09-01 11:48:42,None,0,https://traptagger.co.uk/imageViewer?type=image&id=250320566
Station10,0.0,0.0,2025-09-01 11:48:43,None,0,https://traptagger.co.uk/imageViewer?type=image&id=250320581
Station10,0.0,0.0,2025-09-01 11:48:44,None,0,https://traptagger.co.uk/imageViewer?type=image&id=250320574
Station10,0.0,0.0,2025-09-02 05:35:05,Apodemus,1,https://traptagger.co.uk/imageViewer?type=image&id=250320583
Station10,0.0,0.0,2025-09-02 05:35:06,None,0,https://traptagger.co.uk/imageViewer?type=image&id=250320568
Station10,0.0,0.0,2025-09-02 05:35:06,None,0,https://traptagger.co.uk/imageViewer?type=image&id=250320571
Station10,0.0,0.0,2025-09-08 10:12:37,None,0,https://traptagger.co.uk/imageViewer?type=image&id=250320573
Station10,0.0,0.0,2025-09-08 10:12:38,None,0,https://traptagger.co.uk/imageViewer?type=image&id=250320576
Station10,0.0,0.0,2025-09-08 10:12:39,None,0,https://traptagger.co.uk/imageViewer?type=image&id=250320562
Station10,0.0,0.0,2025-09-15 10:56:12,None,0,https://traptagger.co.uk/imageViewer?type=image&id=250320564
Station10,0.0,0.0,2025-09-15 10:56:12,None,0,https://traptagger.co.uk/imageViewer?type=image&id=250320570
Station10,0.0,0.0,2025-09-15 10:56:13,None,0,https://traptagger.co.uk/imageViewer?type=image&id=250320508
Station2,0.0,0.0,2024-10-07 11:00:25,None,0,https://traptagger.co.uk/imageViewer?type=image&id=209430890
Station2,0.0,0.0,2024-10-07 11:00:25,None,0,https://traptagger.co.uk/imageViewer?type=image&id=209430905
Station2,0.0,0.0,2024-10-07 11:00:26,None,0,https://traptagger.co.uk/imageViewer?type=image&id=209430876
Station2,0.0,0.0,2024-10-08 01:26:42,Apodemus,1,https://traptagger.co.uk/imageViewer?type=image&id=209430883
Station2,0.0,0.0,2024-10-08 01:26:43,Apodemus,1,https://traptagger.co.uk/imageViewer?type=image&id=209430880
Station2,0.0,0.0,2024-10-08 01:26:43,Apodemus,1,https://traptagger.co.uk/imageViewer?type=image&id=209430886
Station2,0.0,0.0,2024-10-14 09:32:45,None,0,https://traptagger.co.uk/imageViewer?type=image&id=209430859
Station2,0.0,0.0,2024-10-14 09:32:45,None,0,https://traptagger.co.uk/imageViewer?type=image&id=209430873
Station2,0.0,0.0,2024-10-14 09:32:46,None,0,https://traptagger.co.uk/imageViewer?type=image&id=209430869
Station2,0.0,0.0,2024-10-15 04:51:25,Apodemus,1,https://traptagger.co.uk/imageViewer?type=image&id=209430863
Station2,0.0,0.0,2024-10-15 04:51:27,Apodemus,1,https://traptagger.co.uk/imageViewer?type=image&id=209430856
Station2,0.0,0.0,2024-10-15 04:51:27,Apodemus,1,https://traptagger.co.uk/imageViewer?type=image&id=209430866
Station2,0.0,0.0,2024-10-21 09:19:11,None,0,https://traptagger.co.uk/imageViewer?type=image&id=209430838
Station2,0.0,0.0,2024-10-21 09:19:11,None,0,https://traptagger.co.uk/imageViewer?type=image&id=209430853
Station2,0.0,0.0,2024-10-21 09:19:12,None,0,https://traptagger.co.uk/imageViewer?type=image&id=209430824
Station2,0.0,0.0,2025-09-01 10:11:57,None,0,https://traptagger.co.uk/imageViewer?type=image&id=250320538
Station2,0.0,0.0,2025-09-01 10:11:57,None,0,https://traptagger.co.uk/imageViewer?type=image&id=250320559
Station2,0.0,0.0,2025-09-01 10:11:58,None,0,https://traptagger.co.uk/imageViewer?type=image&id=250320553
Station2,0.0,0.0,2025-09-02 04:09:25,Apodemus,1,https://traptagger.co.uk/imageViewer?type=image&id=250320551
Station2,0.0,0.0,2025-09-02 04:09:26,Apodemus,2,https://traptagger.co.uk/imageViewer?type=image&id=250320555
Station2,0.0,0.0,2025-09-02 04:09:26,Apodemus,2,https://traptagger.co.uk/imageViewer?type=image&id=250320557
Station2,0.0,0.0,2025-09-02 11:13:36,Bird,1,https://traptagger.co.uk/imageViewer?type=image&id=250320549
Station2,0.0,0.0,2025-09-02 11:13:37,Bird,1,https://traptagger.co.uk/imageViewer?type=image&id=250320544
Station2,0.0,0.0,2025-09-02 11:13:38,Bird,1,https://traptagger.co.uk/imageViewer?type=image&id=250320512
Station2,0.0,0.0,2025-09-03 00:26:07,Apodemus,1,https://traptagger.co.uk/imageViewer?type=image&id=250320545
Station2,0.0,0.0,2025-09-03 00:26:07,Apodemus,2,https://traptagger.co.uk/imageViewer?type=image&id=250320547
Station2,0.0,0.0,2025-09-03 00:26:08,Apodemus,2,https://traptagger.co.uk/imageViewer?type=image&id=250320532
Station2,0.0,0.0,2025-09-03 01:09:24,Apodemus,1,https://traptagger.co.uk/imageViewer?type=image&id=250320540
Station2,0.0,0.0,2025-09-03 01:09:24,Apodemus,2,https://traptagger.co.uk/imageViewer?type=image&id=250320541
Station2,0.0,0.0,2025-09-03 01:09:25,Apodemus,1,https://traptagger.co.uk/imageViewer?type=image&id=250320534
Station2,0.0,0.0,2025-09-03 01:13:58,Apodemus,2,https://traptagger.co.uk/imageViewer?type=image&id=250320514
Station2,0.0,0.0,2025-09-03 01:13:58,Apodemus,1,https://traptagger.co.uk/imageViewer?type=image&id=250320528
Station2,0.0,0.0,2025-09-03 01:13:58,Apodemus,1,https://traptagger.co.uk/imageViewer?type=image&id=250320536
Station2,0.0,0.0,2025-09-03 03:54:49,Apodemus,1,https://traptagger.co.uk/imageViewer?type=image&id=250320524
Station2,0.0,0.0,2025-09-03 03:54:50,Apodemus,1,https://traptagger.co.uk/imageViewer?type=image&id=250320520
Station2,0.0,0.0,2025-09-03 03:54:50,Apodemus,1,https://traptagger.co.uk/imageViewer?type=image&id=250320523
Station2,0.0,0.0,2025-09-03 03:55:16,Apodemus,1,https://traptagger.co.uk/imageViewer?type=image&id=250320526
Station2,0.0,0.0,2025-09-03 03:55:17,Apodemus,1,https://traptagger.co.uk/imageViewer?type=image&id=250320518
Station2,0.0,0.0,2025-09-03 03:55:17,Apodemus,1,https://traptagger.co.uk/imageViewer?type=image&id=250320522
Station2,0.0,0.0,2025-09-03 03:56:45,Apodemus,1,https://traptagger.co.uk/imageViewer?type=image&id=250320516
Station2,0.0,0.0,2025-09-03 03:56:45,None,0,https://traptagger.co.uk/imageViewer?type=image&id=250320510
Station2,0.0,0.0,2025-09-03 03:56:46,Apodemus,2,https://traptagger.co.uk/imageViewer?type=image&id=250320451
Station2,0.0,0.0,2025-09-08 06:46:17,None,0,https://traptagger.co.uk/imageViewer?type=image&id=250320488
Station2,0.0,0.0,2025-09-08 06:46:17,None,0,https://traptagger.co.uk/imageViewer?type=image&id=250320506
Station2,0.0,0.0,2025-09-08 06:46:18,None,0,https://traptagger.co.uk/imageViewer?type=image&id=250320495
Station2,0.0,0.0,2025-09-09 19:56:13,None,0,https://traptagger.co.uk/imageViewer?type=image&id=250320504
Station2,0.0,0.0,2025-09-09 19:56:14,None,0,https://traptagger.co.uk/imageViewer?type=image&id=250320500
Station2,0.0,0.0,2025-09-09 19:56:14,None,0,https://traptagger.co.uk/imageViewer?type=image&id=250320502
Station2,0.0,0.0,2025-09-15 01:02:37,None,0,https://traptagger.co.uk/imageViewer?type=image&id=250320474
Station2,0.0,0.0,2025-09-15 01:02:38,None,0,https://traptagger.co.uk/imageViewer?type=image&id=250320458
Station2,0.0,0.0,2025-09-15 01:02:38,None,0,https://traptagger.co.uk/imageViewer?type=image&id=250320463
Station2,0.0,0.0,2025-09-15 11:40:46,Apodemus,1,https://traptagger.co.uk/imageViewer?type=image&id=250320467
Station2,0.0,0.0,2025-09-15 11:40:46,Apodemus,1,https://traptagger.co.uk/imageViewer?type=image&id=250320481
Station2,0.0,0.0,2025-09-15 11:40:47,Apodemus,1,https://traptagger.co.uk/imageViewer?type=image&id=250320428
Station3,0.0,0.0,2022-01-01 12:01:19,None,0,https://traptagger.co.uk/imageViewer?type=image&id=209430826
Station3,0.0,0.0,2022-01-01 12:01:20,None,0,https://traptagger.co.uk/imageViewer?type=image&id=209430814
Station3,0.0,0.0,2022-01-01 12:01:20,None,0,https://traptagger.co.uk/imageViewer?type=image&id=209430820
Station3,0.0,0.0,2022-01-08 11:40:11,None,0,https://traptagger.co.uk/imageViewer?type=image&id=209430817
Station3,0.0,0.0,2022-01-08 11:40:12,None,0,https://traptagger.co.uk/imageViewer?type=image&id=209430792
Station3,0.0,0.0,2022-01-08 11:40:12,None,0,https://traptagger.co.uk/imageViewer?type=image&id=209430799
Station3,0.0,0.0,2022-01-10 11:55:27,None,0,https://traptagger.co.uk/imageViewer?type=image&id=209430802
Station3,0.0,0.0,2024-10-07 10:54:33,None,0,https://traptagger.co.uk/imageViewer?type=image&id=209430830
Station3,0.0,0.0,2024-10-07 10:54:34,None,0,https://traptagger.co.uk/imageViewer?type=image&id=209430842
Station3,0.0,0.0,2024-10-07 10:54:34,None,0,https://traptagger.co.uk/imageViewer?type=image&id=209430849
Station3,0.0,0.0,2024-10-09 11:24:35,Vehicles/Humans/Livestock,1,https://traptagger.co.uk/imageViewer?type=image&id=209430835
Station3,0.0,0.0,2024-10-09 11:24:36,Vehicles/Humans/Livestock,1,https://traptagger.co.uk/imageViewer?type=image&id=209430833
Station3,0.0,0.0,2024-10-09 11:24:36,Vehicles/Humans/Livestock,1,https://traptagger.co.uk/imageViewer?type=image&id=209430845
Station3,0.0,0.0,2025-08-01 10:22:52,None,0,https://traptagger.co.uk/imageViewer?type=image&id=250320426
Station3,0.0,0.0,2025-08-01 10:22:52,None,0,https://traptagger.co.uk/imageViewer?type=image&id=250320445
Station3,0.0,0.0,2025-08-01 10:22:53,None,0,https://traptagger.co.uk/imageViewer?type=image&id=250320265
Station3,0.0,0.0,2025-08-01 10:24:52,None,0,https://traptagger.co.uk/imageViewer?type=image&id=250320402
Station3,0.0,0.0,2025-08-01 10:24:52,None,0,https://traptagger.co.uk/imageViewer?type=image&id=250320420
Station3,0.0,0.0,2025-08-01 10:24:53,None,0,https://traptagger.co.uk/imageViewer?type=image&id=250320408
Station3,0.0,0.0,2025-08-01 22:52:20,Apodemus,1,https://traptagger.co.uk/imageViewer?type=image&id=250320391
Station3,0.0,0.0,2025-08-01 22:52:21,Apodemus,1,https://traptagger.co.uk/imageViewer?type=image&id=250320395
Station3,0.0,0.0,2025-08-01 22:52:21,None,0,https://traptagger.co.uk/imageViewer?type=image&id=250320414
Station3,0.0,0.0,2025-08-01 23:12:40,Apodemus,1,https://traptagger.co.uk/imageViewer?type=image&id=250320386
Station3,0.0,0.0,2025-08-01 23:12:41,Apodemus,1,https://traptagger.co.uk/imageViewer?type=image&id=250320374
Station3,0.0,0.0,2025-08-01 23:12:41,Apodemus,1,https://traptagger.co.uk/imageViewer?type=image&id=250320380
Station3,0.0,0.0,2025-08-02 03:36:22,None,0,https://traptagger.co.uk/imageViewer?type=image&id=250320361
Station3,0.0,0.0,2025-08-02 03:36:23,Apodemus,1,https://traptagger.co.uk/imageViewer?type=image&id=250320367
Station3,0.0,0.0,2025-08-02 03:36:23,None,0,https://traptagger.co.uk/imageViewer?type=image&id=250320352
Station3,0.0,0.0,2025-08-08 09:41:33,None,0,https://traptagger.co.uk/imageViewer?type=image&id=250320354
Station3,0.0,0.0,2025-08-08 09:41:34,None,0,https://traptagger.co.uk/imageViewer?type=image&id=250320297
Station3,0.0,0.0,2025-08-08 09:41:34,None,0,https://traptagger.co.uk/imageViewer?type=image&id=250320333
Station3,0.0,0.0,2025-08-09 22:04:19,None,0,https://traptagger.co.uk/imageViewer?type=image&id=250320339
Station3,0.0,0.0,2025-08-09 22:04:19,None,0,https://traptagger.co.uk/imageViewer?type=image&id=250320346
Station3,0.0,0.0,2025-08-09 22:04:20,None,0,https://traptagger.co.uk/imageViewer?type=image&id=250320326
Station3,0.0,0.0,2025-08-15 10:27:24,None,0,https://traptagger.co.uk/imageViewer?type=image&id=250320320
Station3,0.0,0.0,2025-08-15 10:27:25,None,0,https://traptagger.co.uk/imageViewer?type=image&id=250320272
Station3,0.0,0.0,2025-08-15 10:27:25,None,0,https://traptagger.co.uk/imageViewer?type=image&id=250320290
Station4,0.0,0.0,2024-07-11 18:18:31,None,0,https://traptagger.co.uk/imageViewer?type=image&id=209430789
Station4,0.0,0.0,2024-09-17 16:08:43,None,0,https://traptagger.co.uk/imageViewer?type=image&id=209430810
Station4,0.0,0.0,2024-09-17 16:08:44,None,0,https://traptagger.co.uk/imageViewer?type=image&id=209430785
Station4,0.0,0.0,2024-10-07 10:46:35,None,0,https://traptagger.co.uk/imageViewer?type=image&id=209430795
Station4,0.0,0.0,2024-10-07 10:46:36,None,0,https://traptagger.co.uk/imageViewer?type=image&id=209430768
Station4,0.0,0.0,2024-10-07 10:46:36,None,0,https://traptagger.co.uk/imageViewer?type=image&id=209430781
Station4,0.0,0.0,2024-10-07 20:20:23,Apodemus,1,https://traptagger.co.uk/imageViewer?type=image&id=209430777
Station4,0.0,0.0,2024-10-07 20:20:24,Apodemus,1,https://traptagger.co.uk/imageViewer?type=image&id=209430762
Station4,0.0,0.0,2024-10-07 20:20:24,Apodemus,1,https://traptagger.co.uk/imageViewer?type=image&id=209430774
Station4,0.0,0.0,2024-10-07 20:20:42,Apodemus,1,https://traptagger.co.uk/imageViewer?type=image&id=209430771
Station4,0.0,0.0,2024-10-07 20:20:43,Apodemus,1,https://traptagger.co.uk/imageViewer?type=image&id=209430759
Station4,0.0,0.0,2024-10-07 20:20:43,None,0,https://traptagger.co.uk/imageViewer?type=image&id=209430765
Station4,0.0,0.0,2024-10-09 05:42:22,Domestic Cat,1,https://traptagger.co.uk/imageViewer?type=image&id=209430756
Station4,0.0,0.0,2024-10-09 05:42:23,Domestic Cat,1,https://traptagger.co.uk/imageViewer?type=image&id=209430747
Station4,0.0,0.0,2024-10-09 05:42:23,Domestic Cat,1,https://traptagger.co.uk/imageViewer?type=image&id=209430753
Station4,0.0,0.0,2024-10-14 09:51:11,None,0,https://traptagger.co.uk/imageViewer?type=image&id=209430742
Station4,0.0,0.0,2024-10-14 09:51:11,None,0,https://traptagger.co.uk/imageViewer?type=image&id=209430750
Station4,0.0,0.0,2024-10-14 09:51:12,None,0,https://traptagger.co.uk/imageViewer?type=image&id=209430745
Station4,0.0,0.0,2024-10-21 09:26:22,None,0,https://traptagger.co.uk/imageViewer?type=image&id=209430725
Station4,0.0,0.0,2024-10-21 09:26:23,None,0,https://traptagger.co.uk/imageViewer?type=image&id=209430710
Station4,0.0,0.0,2024-10-21 09:26:23,None,0,https://traptagger.co.uk/imageViewer?type=image&id=209430739
Station4,0.0,0.0,2025-09-01 10:40:06,None,0,https://traptagger.co.uk/imageViewer?type=image&id=250320252
Station4,0.0,0.0,2025-09-01 10:40:06,None,0,https://traptagger.co.uk/imageViewer?type=image&id=250320312
Station4,0.0,0.0,2025-09-01 10:40:07,None,0,https://traptagger.co.uk/imageViewer?type=image&id=250320304
Station4,0.0,0.0,2025-09-02 02:11:02,Apodemus,1,https://traptagger.co.uk/imageViewer?type=image&id=250320315
Station4,0.0,0.0,2025-09-02 02:11:03,Apodemus,1,https://traptagger.co.uk/imageViewer?type=image&id=250320258
Station4,0.0,0.0,2025-09-02 02:11:03,None,0,https://traptagger.co.uk/imageViewer?type=image&id=250320243
Station4,0.0,0.0,2025-09-08 09:45:55,None,0,https://traptagger.co.uk/imageViewer?type=image&id=250320192
Station4,0.0,0.0,2025-09-08 09:45:56,None,0,https://traptagger.co.uk/imageViewer?type=image&id=250320279
Station4,0.0,0.0,2025-09-08 09:45:57,None,0,https://traptagger.co.uk/imageViewer?type=image&id=250320222
Station4,0.0,0.0,2025-09-09 00:58:44,Apodemus,1,https://traptagger.co.uk/imageViewer?type=image&id=250319933
Station4,0.0,0.0,2025-09-09 00:58:45,Apodemus,2,https://traptagger.co.uk/imageViewer?type=image&id=250320234
Station4,0.0,0.0,2025-09-09 00:58:45,None,0,https://traptagger.co.uk/imageViewer?type=image&id=250320245
Station4,0.0,0.0,2025-09-10 02:47:50,None,0,https://traptagger.co.uk/imageViewer?type=image&id=250320117
Station4,0.0,0.0,2025-09-10 02:47:50,None,0,https://traptagger.co.uk/imageViewer?type=image&id=250320206
Station4,0.0,0.0,2025-09-10 02:47:51,None,0,https://traptagger.co.uk/imageViewer?type=image&id=250320140
Station4,0.0,0.0,2025-09-15 10:32:34,None,0,https://traptagger.co.uk/imageViewer?type=image&id=250320133
Station4,0.0,0.0,2025-09-15 10:32:34,None,0,https://traptagger.co.uk/imageViewer?type=image&id=250320172
Station4,0.0,0.0,2025-09-15 10:32:35,None,0,https://traptagger.co.uk/imageViewer?type=image&id=250320106
Station4,0.0,0.0,2025-09-15 13:48:02,None,0,https://traptagger.co.uk/imageViewer?type=image&id=250320155
Station4,0.0,0.0,2025-09-15 13:48:03,None,0,https://traptagger.co.uk/imageViewer?type=image&id=250320082
Station4,0.0,0.0,2025-09-15 13:48:04,None,0,https://traptagger.co.uk/imageViewer?type=image&id=250320184
Station4,0.0,0.0,2025-09-15 16:31:31,None,0,https://traptagger.co.uk/imageViewer?type=image&id=250320091
Station4,0.0,0.0,2025-09-15 16:31:32,None,0,https://traptagger.co.uk/imageViewer?type=image&id=250319726
Station4,0.0,0.0,2025-09-15 16:31:32,None,0,https://traptagger.co.uk/imageViewer?type=image&id=250319964
Station5,0.0,0.0,2024-10-07 11:07:20,None,0,https://traptagger.co.uk/imageViewer?type=image&id=209430698
Station5,0.0,0.0,2024-10-07 11:07:20,None,0,https://traptagger.co.uk/imageViewer?type=image&id=209430729
Station5,0.0,0.0,2024-10-07 11:07:21,None,0,https://traptagger.co.uk/imageViewer?type=image&id=209430733
Station5,0.0,0.0,2024-10-07 20:19:10,None,0,https://traptagger.co.uk/imageViewer?type=image&id=209430736
Station5,0.0,0.0,2024-10-07 20:19:11,None,0,https://traptagger.co.uk/imageViewer?type=image&id=209430691
Station5,0.0,0.0,2024-10-07 20:19:11,None,0,https://traptagger.co.uk/imageViewer?type=image&id=209430714
Station5,0.0,0.0,2024-10-07 20:19:30,Apodemus,1,https://traptagger.co.uk/imageViewer?type=image&id=209430702
Station5,0.0,0.0,2024-10-07 20:19:30,None,0,https://traptagger.co.uk/imageViewer?type=image&id=209430683
Station5,0.0,0.0,2024-10-07 20:19:30,None,0,https://traptagger.co.uk/imageViewer?type=image&id=209430693
Station5,0.0,0.0,2024-10-07 20:21:40,Apodemus,1,https://traptagger.co.uk/imageViewer?type=image&id=209430706
Station5,0.0,0.0,2024-10-07 20:21:41,Apodemus,1,https://traptagger.co.uk/imageViewer?type=image&id=209430679
Station5,0.0,0.0,2024-10-07 20:21:41,None,0,https://traptagger.co.uk/imageViewer?type=image&id=209430687
Station5,0.0,0.0,2024-10-07 23:24:46,None,0,https://traptagger.co.uk/imageViewer?type=image&id=209430674
Station5,0.0,0.0,2024-10-07 23:24:47,Apodemus,1,https://traptagger.co.uk/imageViewer?type=image&id=209430660
Station5,0.0,0.0,2024-10-07 23:24:47,Apodemus,1,https://traptagger.co.uk/imageViewer?type=image&id=209430665
Station5,0.0,0.0,2024-10-09 03:21:36,Apodemus,1,https://traptagger.co.uk/imageViewer?type=image&id=209430634
Station5,0.0,0.0,2024-10-09 03:21:36,None,0,https://traptagger.co.uk/imageViewer?type=image&id=209430669
Station5,0.0,0.0,2024-10-09 03:21:37,Apodemus,1,https://traptagger.co.uk/imageViewer?type=image&id=209430655
Station5,0.0,0.0,2024-10-09 06:50:59,Apodemus,1,https://traptagger.co.uk/imageViewer?type=image&id=209430650
Station5,0.0,0.0,2024-10-09 06:50:59,None,0,https://traptagger.co.uk/imageViewer?type=image&id=209430645
Station5,0.0,0.0,2024-10-09 06:51:00,None,0,https://traptagger.co.uk/imageViewer?type=image&id=209430640
Station5,0.0,0.0,2024-10-09 06:58:54,Apodemus,1,https://traptagger.co.uk/imageViewer?type=image&id=209430622
Station5,0.0,0.0,2024-10-09 06:58:55,Apodemus,1,https://traptagger.co.uk/imageViewer?type=image&id=209430611
Station5,0.0,0.0,2024-10-09 06:58:55,Apodemus,1,https://traptagger.co.uk/imageViewer?type=image&id=209430617
Station5,0.0,0.0,2025-09-01 10:49:19,None,0,https://traptagger.co.uk/imageViewer?type=image&id=250320024
Station5,0.0,0.0,2025-09-01 10:49:20,None,0,https://traptagger.co.uk/imageViewer?type=image&id=250320066
Station5,0.0,0.0,2025-09-01 10:49:21,None,0,https://traptagger.co.uk/imageViewer?type=image&id=250320039
Station5,0.0,0.0,2025-09-03 00:41:16,Apodemus,1,https://traptagger.co.uk/imageViewer?type=image&id=250319983
Station5,0.0,0.0,2025-09-03 00:41:16,Apodemus,1,https://traptagger.co.uk/imageViewer?type=image&id=250320052
Station5,0.0,0.0,2025-09-03 00:41:17,Apodemus,1,https://traptagger.co.uk/imageViewer?type=image&id=250319972
Station5,0.0,0.0,2025-09-03 02:57:51,None,0,https://traptagger.co.uk/imageViewer?type=image&id=250319949
Station5,0.0,0.0,2025-09-03 02:57:51,None,0,https://traptagger.co.uk/imageViewer?type=image&id=250320035
Station5,0.0,0.0,2025-09-03 02:57:52,None,0,https://traptagger.co.uk/imageViewer?type=image&id=250319938
Station5,0.0,0.0,2025-09-08 09:49:09,None,0,https://traptagger.co.uk/imageViewer?type=image&id=250319920
Station5,0.0,0.0,2025-09-08 09:49:10,None,0,https://traptagger.co.uk/imageViewer?type=image&id=250319866
Station5,0.0,0.0,2025-09-08 09:49:10,None,0,https://traptagger.co.uk/imageViewer?type=image&id=250319888
Station5,0.0,0.0,2025-09-09 22:04:11,None,0,https://traptagger.co.uk/imageViewer?type=image&id=250319878
Station5,0.0,0.0,2025-09-09 22:04:12,None,0,https://traptagger.co.uk/imageViewer?type=image&id=250319894
Station5,0.0,0.0,2025-09-09 22:04:12,None,0,https://traptagger.co.uk/imageViewer?type=image&id=250319906
Station5,0.0,0.0,2025-09-15 10:37:10,None,0,https://traptagger.co.uk/imageViewer?type=image&id=250319839
Station5,0.0,0.0,2025-09-15 10:37:11,None,0,https://traptagger.co.uk/imageViewer?type=image&id=250319821
Station5,0.0,0.0,2025-09-15 10:37:11,None,0,https://traptagger.co.uk/imageViewer?type=image&id=250319852
Station6,0.0,0.0,2024-10-08 02:15:36,Apodemus,1,https://traptagger.co.uk/imageViewer?type=image&id=209430628
Station6,0.0,0.0,2024-10-08 02:15:37,Apodemus,1,https://traptagger.co.uk/imageViewer?type=image&id=209430585
Station6,0.0,0.0,2024-10-08 02:15:37,Apodemus,1,https://traptagger.co.uk/imageViewer?type=image&id=209430600
Station6,0.0,0.0,2024-10-08 05:26:54,Apodemus,1,https://traptagger.co.uk/imageViewer?type=image&id=209430580
Station6,0.0,0.0,2024-10-08 05:26:54,Apodemus,1,https://traptagger.co.uk/imageViewer?type=image&id=209430606
Station6,0.0,0.0,2024-10-08 05:26:55,Apodemus,1,https://traptagger.co.uk/imageViewer?type=image&id=209430558
Station6,0.0,0.0,2024-10-09 00:30:53,Apodemus,1,https://traptagger.co.uk/imageViewer?type=image&id=209430551
Station6,0.0,0.0,2024-10-09 00:30:54,Apodemus,1,https://traptagger.co.uk/imageViewer?type=image&id=209430545
Station6,0.0,0.0,2024-10-09 00:30:54,Apodemus,1,https://traptagger.co.uk/imageViewer?type=image&id=209430572
Station6,0.0,0.0,2024-10-09 01:05:47,Apodemus,1,https://traptagger.co.uk/imageViewer?type=image&id=209430523
Station6,0.0,0.0,2024-10-09 01:05:47,Apodemus,1,https://traptagger.co.uk/imageViewer?type=image&id=209430565
Station6,0.0,0.0,2024-10-09 01:05:48,None,0,https://traptagger.co.uk/imageViewer?type=image&id=209430530
Station6,0.0,0.0,2024-10-09 02:09:25,Apodemus,1,https://traptagger.co.uk/imageViewer?type=image&id=209430538
Station6,0.0,0.0,2024-10-09 02:09:26,Apodemus,1,https://traptagger.co.uk/imageViewer?type=image&id=209430503
Station6,0.0,0.0,2024-10-09 02:09:26,Apodemus,1,https://traptagger.co.uk/imageViewer?type=image&id=209430517
Station6,0.0,0.0,2024-10-09 04:03:04,Domestic Cat,1,https://traptagger.co.uk/imageViewer?type=image&id=209430481
Station6,0.0,0.0,2024-10-09 04:03:05,Domestic Cat,1,https://traptagger.co.uk/imageViewer?type=image&id=209430495
Station6,0.0,0.0,2024-10-09 04:03:05,Domestic Cat,1,https://traptagger.co.uk/imageViewer?type=image&id=209430510
Station6,0.0,0.0,2024-10-15 21:16:56,Apodemus,1,https://traptagger.co.uk/imageViewer?type=image&id=209430488
Station6,0.0,0.0,2024-10-15 21:16:57,Apodemus,1,https://traptagger.co.uk/imageViewer?type=image&id=209430467
Station6,0.0,0.0,2024-10-15 21:16:57,Apodemus,1,https://traptagger.co.uk/imageViewer?type=image&id=209430473
Station6,0.0,0.0,2024-10-15 21:21:21,Apodemus,1,https://traptagger.co.uk/imageViewer?type=image&id=209430447
Station6,0.0,0.0,2024-10-15 21:21:21,Apodemus,1,https://traptagger.co.uk/imageViewer?type=image&id=209430453
Station6,0.0,0.0,2024-10-15 21:21:21,Apodemus,1,https://traptagger.co.uk/imageViewer?type=image&id=209430461
Station6,0.0,0.0,2024-10-16 03:35:04,Apodemus,2,https://traptagger.co.uk/imageViewer?type=image&id=209430441
Station6,0.0,0.0,2024-10-16 03:35:05,Apodemus,3,https://traptagger.co.uk/imageViewer?type=image&id=209430423
Station6,0.0,0.0,2024-10-16 03:35:05,Apodemus,1,https://traptagger.co.uk/imageViewer?type=image&id=209430435
Station6,0.0,0.0,2024-10-16 04:54:03,Apodemus,2,https://traptagger.co.uk/imageViewer?type=image&id=209430406
Station6,0.0,0.0,2024-10-16 04:54:03,Apodemus,2,https://traptagger.co.uk/imageViewer?type=image&id=209430430
Station6,0.0,0.0,2024-10-16 04:54:04,Apodemus,2,https://traptagger.co.uk/imageViewer?type=image&id=209430399
Station6,0.0,0.0,2024-10-16 05:10:21,Apodemus,1,https://traptagger.co.uk/imageViewer?type=image&id=209430371
Station6,0.0,0.0,2024-10-16 05:10:21,Apodemus,1,https://traptagger.co.uk/imageViewer?type=image&id=209430378
Station6,0.0,0.0,2024-10-16 05:10:22,Apodemus,1,https://traptagger.co.uk/imageViewer?type=image&id=209430384
Station6,0.0,0.0,2024-10-16 05:10:47,Apodemus,1,https://traptagger.co.uk/imageViewer?type=image&id=209430364
Station6,0.0,0.0,2024-10-16 05:10:47,Apodemus,1,https://traptagger.co.uk/imageViewer?type=image&id=209430392
Station6,0.0,0.0,2024-10-16 05:10:48,Apodemus,2,https://traptagger.co.uk/imageViewer?type=image&id=209430350
Station6,0.0,0.0,2024-10-16 05:45:05,Apodemus,2,https://traptagger.co.uk/imageViewer?type=image&id=209430342
Station6,0.0,0.0,2024-10-16 05:45:06,Apodemus,1,https://traptagger.co.uk/imageViewer?type=image&id=209430336
Station6,0.0,0.0,2024-10-16 05:45:06,Apodemus,1,https://traptagger.co.uk/imageViewer?type=image&id=209430357
Station6,0.0,0.0,2024-10-16 05:47:10,Apodemus,1,https://traptagger.co.uk/imageViewer?type=image&id=209430330
Station6,0.0,0.0,2024-10-16 05:47:11,Apodemus,2,https://traptagger.co.uk/imageViewer?type=image&id=209430302
Station6,0.0,0.0,2024-10-16 05:47:11,None,0,https://traptagger.co.uk/imageViewer?type=image&id=209430322
Station6,0.0,0.0,2024-10-16 06:26:23,Apodemus,1,https://traptagger.co.uk/imageViewer?type=image&id=209430315
Station6,0.0,0.0,2024-10-16 06:26:24,Apodemus,1,https://traptagger.co.uk/imageViewer?type=image&id=209430295
Station6,0.0,0.0,2024-10-16 06:26:24,Apodemus,1,https://traptagger.co.uk/imageViewer?type=image&id=209430308
Station6,0.0,0.0,2024-10-21 09:32:29,None,0,https://traptagger.co.uk/imageViewer?type=image&id=209430257
Station6,0.0,0.0,2024-10-21 09:32:29,None,0,https://traptagger.co.uk/imageViewer?type=image&id=209430288
Station6,0.0,0.0,2024-10-21 09:32:30,None,0,https://traptagger.co.uk/imageViewer?type=image&id=209430282
Station6,0.0,0.0,2024-10-23 00:23:30,None,0,https://traptagger.co.uk/imageViewer?type=image&id=209430275
Station6,0.0,0.0,2024-10-23 00:23:31,Apodemus,1,https://traptagger.co.uk/imageViewer?type=image&id=209430269
Station6,0.0,0.0,2024-10-23 00:23:31,None,0,https://traptagger.co.uk/imageViewer?type=image&id=209430263
Station6,0.0,0.0,2024-10-23 04:14:29,Apodemus,2,https://traptagger.co.uk/imageViewer?type=image&id=209430225
Station6,0.0,0.0,2024-10-23 04:14:29,Apodemus,1,https://traptagger.co.uk/imageViewer?type=image&id=209430250
Station6,0.0,0.0,2024-10-23 04:14:30,None,0,https://traptagger.co.uk/imageViewer?type=image&id=209430244
Station6,0.0,0.0,2024-10-23 09:52:14,Vehicles/Humans/Livestock,1,https://traptagger.co.uk/imageViewer?type=image&id=209430219
Station6,0.0,0.0,2025-09-01 11:13:30,Vehicles/Humans/Livestock,1,https://traptagger.co.uk/imageViewer?type=image&id=250319794
Station6,0.0,0.0,2025-09-01 11:13:31,Vehicles/Humans/Livestock,1,https://traptagger.co.uk/imageViewer?type=image&id=250319748
Station6,0.0,0.0,2025-09-01 11:13:32,Vehicles/Humans/Livestock,1,https://traptagger.co.uk/imageViewer?type=image&id=250319809
Station6,0.0,0.0,2025-09-03 05:13:53,Apodemus,1,https://traptagger.co.uk/imageViewer?type=image&id=250319831
Station6,0.0,0.0,2025-09-03 05:13:54,None,0,https://traptagger.co.uk/imageViewer?type=image&id=250319759
Station6,0.0,0.0,2025-09-03 05:13:54,None,0,https://traptagger.co.uk/imageViewer?type=image&id=250319772
Station6,0.0,0.0,2025-09-03 05:14:20,None,0,https://traptagger.co.uk/imageViewer?type=image&id=250319738
Station6,0.0,0.0,2025-09-03 05:14:20,None,0,https://traptagger.co.uk/imageViewer?type=image&id=250319783
Station6,0.0,0.0,2025-09-03 05:14:21,None,0,https://traptagger.co.uk/imageViewer?type=image&id=250319735
Station6,0.0,0.0,2025-09-08 10:00:30,Vehicles/Humans/Livestock,1,https://traptagger.co.uk/imageViewer?type=image&id=250320164
Station6,0.0,0.0,2025-09-08 10:00:31,None,0,https://traptagger.co.uk/imageViewer?type=image&id=250320218
Station6,0.0,0.0,2025-09-08 10:00:32,Vehicles/Humans/Livestock,1,https://traptagger.co.uk/imageViewer?type=image&id=250320187
Station6,0.0,0.0,2025-09-15 10:45:29,None,0,https://traptagger.co.uk/imageViewer?type=image&id=250320202
Station6,0.0,0.0,2025-09-15 10:45:30,None,0,https://traptagger.co.uk/imageViewer?type=image&id=250320136
Station6,0.0,0.0,2025-09-15 10:45:31,None,0,https://traptagger.co.uk/imageViewer?type=image&id=250320246
Station7,0.0,0.0,2024-09-03 11:05:00,None,0,https://traptagger.co.uk/imageViewer?type=image&id=250320232
Station7,0.0,0.0,2024-09-09 08:49:37,Domestic dog,1,https://traptagger.co.uk/imageViewer?type=image&id=250320178
Station7,0.0,0.0,2024-09-09 08:49:38,Domestic dog,1,https://traptagger.co.uk/imageViewer?type=image&id=250320242
Station7,0.0,0.0,2024-09-09 08:49:39,Domestic dog,1,https://traptagger.co.uk/imageViewer?type=image&id=250320147
Station7,0.0,0.0,2024-09-09 12:06:24,Vehicles/Humans/Livestock,1,https://traptagger.co.uk/imageViewer?type=image&id=250320057
Station7,0.0,0.0,2024-09-09 12:06:26,Vehicles/Humans/Livestock,1,https://traptagger.co.uk/imageViewer?type=image&id=250320122
Station7,0.0,0.0,2024-09-09 12:06:26,None,0,https://traptagger.co.uk/imageViewer?type=image&id=250320096
Station7,0.0,0.0,2024-09-15 10:42:07,None,0,https://traptagger.co.uk/imageViewer?type=image&id=250319987
Station7,0.0,0.0,2024-09-15 10:42:07,None,0,https://traptagger.co.uk/imageViewer?type=image&id=250320109
Station7,0.0,0.0,2024-09-15 10:42:08,None,0,https://traptagger.co.uk/imageViewer?type=image&id=250320000
Station7,0.0,0.0,2024-09-17 10:51:26,None,0,https://traptagger.co.uk/imageViewer?type=image&id=250320085
Station7,0.0,0.0,2024-09-17 10:51:27,Vehicles/Humans/Livestock,1,https://traptagger.co.uk/imageViewer?type=image&id=250320072
Station7,0.0,0.0,2024-09-17 10:51:29,None,0,https://traptagger.co.uk/imageViewer?type=image&id=250320036
Station7,0.0,0.0,2024-10-07 10:57:29,None,0,https://traptagger.co.uk/imageViewer?type=image&id=209430173
Station7,0.0,0.0,2024-10-07 10:57:29,None,0,https://traptagger.co.uk/imageViewer?type=image&id=209430197
Station7,0.0,0.0,2024-10-07 10:57:30,None,0,https://traptagger.co.uk/imageViewer?type=image&id=209430183
Station7,0.0,0.0,2024-10-08 23:48:57,Apodemus,1,https://traptagger.co.uk/imageViewer?type=image&id=209430190
Station7,0.0,0.0,2024-10-08 23:48:58,Apodemus,1,https://traptagger.co.uk/imageViewer?type=image&id=209430205
Station7,0.0,0.0,2024-10-08 23:48:58,Apodemus,1,https://traptagger.co.uk/imageViewer?type=image&id=209430212
Station7,0.0,0.0,2024-10-14 10:27:44,None,0,https://traptagger.co.uk/imageViewer?type=image&id=209430159
Station7,0.0,0.0,2024-10-14 10:27:45,None,0,https://traptagger.co.uk/imageViewer?type=image&id=209430127
Station7,0.0,0.0,2024-10-14 10:27:46,None,0,https://traptagger.co.uk/imageViewer?type=image&id=209430166
Station7,0.0,0.0,2024-10-16 11:16:43,Vehicles/Humans/Livestock,2,https://traptagger.co.uk/imageViewer?type=image&id=209430141
Station7,0.0,0.0,2024-10-21 09:35:12,Vehicles/Humans/Livestock,2,https://traptagger.co.uk/imageViewer?type=image&id=209430151
Station7,0.0,0.0,2024-10-21 09:35:13,Vehicles/Humans/Livestock,1,https://traptagger.co.uk/imageViewer?type=image&id=209430087
Station7,0.0,0.0,2024-10-21 09:35:14,Vehicles/Humans/Livestock,1,https://traptagger.co.uk/imageViewer?type=image&id=209430102
Station7,0.0,0.0,2024-10-21 21:58:49,Apodemus,1,https://traptagger.co.uk/imageViewer?type=image&id=209430117
Station7,0.0,0.0,2024-10-21 21:58:49,Apodemus,1,https://traptagger.co.uk/imageViewer?type=image&id=209430134
Station7,0.0,0.0,2024-10-21 21:58:50,Apodemus,1,https://traptagger.co.uk/imageViewer?type=image&id=209430110
Station8,0.0,0.0,2024-10-07 11:02:30,None,0,https://traptagger.co.uk/imageViewer?type=image&id=209430072
Station8,0.0,0.0,2024-10-07 11:02:30,None,0,https://traptagger.co.uk/imageViewer?type=image&id=209430095
Station8,0.0,0.0,2024-10-07 11:02:31,None,0,https://traptagger.co.uk/imageViewer?type=image&id=209430051
Station8,0.0,0.0,2024-10-09 11:58:58,Vehicles/Humans/Livestock,1,https://traptagger.co.uk/imageViewer?type=image&id=209430065
Station8,0.0,0.0,2024-10-14 10:34:35,None,0,https://traptagger.co.uk/imageViewer?type=image&id=209430042
Station8,0.0,0.0,2024-10-14 10:34:35,None,0,https://traptagger.co.uk/imageViewer?type=image&id=209430080
Station8,0.0,0.0,2024-10-14 10:34:36,None,0,https://traptagger.co.uk/imageViewer?type=image&id=209430058
Station8,0.0,0.0,2024-10-21 09:40:14,Vehicles/Humans/Livestock,1,https://traptagger.co.uk/imageViewer?type=image&id=209430001
Station8,0.0,0.0,2024-10-21 09:40:14,None,0,https://traptagger.co.uk/imageViewer?type=image&id=209430018
Station8,0.0,0.0,2024-10-21 09:40:15,None,0,https://traptagger.co.uk/imageViewer?type=image&id=209430010
Station8,0.0,0.0,2025-09-01 11:22:30,None,0,https://traptagger.co.uk/imageViewer?type=image&id=250319853
Station8,0.0,0.0,2025-09-01 22:06:40,Apodemus,1,https://traptagger.co.uk/imageViewer?type=image&id=250320025
Station8,0.0,0.0,2025-09-01 22:06:40,None,0,https://traptagger.co.uk/imageViewer?type=image&id=250320042
Station8,0.0,0.0,2025-09-01 22:06:41,Apodemus,1,https://traptagger.co.uk/imageViewer?type=image&id=250319957
Station8,0.0,0.0,2025-09-02 03:41:26,None,0,https://traptagger.co.uk/imageViewer?type=image&id=250320013
Station8,0.0,0.0,2025-09-02 03:41:27,Apodemus,1,https://traptagger.co.uk/imageViewer?type=image&id=250319921
Station8,0.0,0.0,2025-09-02 03:41:27,None,0,https://traptagger.co.uk/imageViewer?type=image&id=250319978
Station8,0.0,0.0,2025-09-02 21:04:07,None,0,https://traptagger.co.uk/imageViewer?type=image&id=250319968
Station8,0.0,0.0,2025-09-02 21:04:08,None,0,https://traptagger.co.uk/imageViewer?type=image&id=250319864
Station8,0.0,0.0,2025-09-02 21:04:08,None,0,https://traptagger.co.uk/imageViewer?type=image&id=250319887
Station8,0.0,0.0,2025-09-02 22:22:20,None,0,https://traptagger.co.uk/imageViewer?type=image&id=250319895
Station8,0.0,0.0,2025-09-02 22:22:21,None,0,https://traptagger.co.uk/imageViewer?type=image&id=250319879
Station8,0.0,0.0,2025-09-02 22:22:21,None,0,https://traptagger.co.uk/imageViewer?type=image&id=250319907
Station8,0.0,0.0,2025-09-03 10:48:07,None,0,https://traptagger.co.uk/imageViewer?type=image&id=250319829
Station8,0.0,0.0,2025-09-03 10:48:08,None,0,https://traptagger.co.uk/imageViewer?type=image&id=250319731
Station8,0.0,0.0,2025-09-03 10:48:08,None,0,https://traptagger.co.uk/imageViewer?type=image&id=250319837
Station8,0.0,0.0,2025-09-08 11:56:29,None,0,https://traptagger.co.uk/imageViewer?type=image&id=250319770
Station8,0.0,0.0,2025-09-08 11:56:30,None,0,https://traptagger.co.uk/imageViewer?type=image&id=250319791
Station8,0.0,0.0,2025-09-08 11:56:30,None,0,https://traptagger.co.uk/imageViewer?type=image&id=250319819
Station8,0.0,0.0,2025-09-08 12:02:57,None,0,https://traptagger.co.uk/imageViewer?type=image&id=250319805
Station8,0.0,0.0,2025-09-08 12:02:58,None,0,https://traptagger.co.uk/imageViewer?type=image&id=250319755
Station8,0.0,0.0,2025-09-08 12:02:58,None,0,https://traptagger.co.uk/imageViewer?type=image&id=250319781
Station8,0.0,0.0,2025-09-08 12:08:24,None,0,https://traptagger.co.uk/imageViewer?type=image&id=250319687
Station8,0.0,0.0,2025-09-08 12:08:24,None,0,https://traptagger.co.uk/imageViewer?type=image&id=250319695
Station8,0.0,0.0,2025-09-08 12:08:25,None,0,https://traptagger.co.uk/imageViewer?type=image&id=250319737
Station8,0.0,0.0,2025-09-08 12:14:35,None,0,https://traptagger.co.uk/imageViewer?type=image&id=250319721
Station8,0.0,0.0,2025-09-08 12:14:36,None,0,https://traptagger.co.uk/imageViewer?type=image&id=250319704
Station8,0.0,0.0,2025-09-08 12:14:36,None,0,https://traptagger.co.uk/imageViewer?type=image&id=250319713
Station8,0.0,0.0,2025-09-08 12:30:43,None,0,https://traptagger.co.uk/imageViewer?type=image&id=250319744
Station8,0.0,0.0,2025-09-08 12:30:44,None,0,https://traptagger.co.uk/imageViewer?type=image&id=250319665
Station8,0.0,0.0,2025-09-08 12:30:44,None,0,https://traptagger.co.uk/imageViewer?type=image&id=250319679
Station8,0.0,0.0,2025-09-08 12:37:17,None,0,https://traptagger.co.uk/imageViewer?type=image&id=250319656
Station8,0.0,0.0,2025-09-08 12:37:18,None,0,https://traptagger.co.uk/imageViewer?type=image&id=250319706
Station8,0.0,0.0,2025-09-08 12:37:19,None,0,https://traptagger.co.uk/imageViewer?type=image&id=250319649
Station8,0.0,0.0,2025-09-08 12:53:28,None,0,https://traptagger.co.uk/imageViewer?type=image&id=250319637
Station8,0.0,0.0,2025-09-08 12:53:29,None,0,https://traptagger.co.uk/imageViewer?type=image&id=250319618
Station8,0.0,0.0,2025-09-08 12:53:29,None,0,https://traptagger.co.uk/imageViewer?type=image&id=250319645
Station8,0.0,0.0,2025-09-08 12:56:19,None,0,https://traptagger.co.uk/imageViewer?type=image&id=250319619
Station8,0.0,0.0,2025-09-08 12:56:19,None,0,https://traptagger.co.uk/imageViewer?type=image&id=250319620
Station8,0.0,0.0,2025-09-08 12:56:20,None,0,https://traptagger.co.uk/imageViewer?type=image&id=250319616
Station8,0.0,0.0,2025-09-08 13:48:06,None,0,https://traptagger.co.uk/imageViewer?type=image&id=250319615
Station8,0.0,0.0,2025-09-08 13:48:07,None,0,https://traptagger.co.uk/imageViewer?type=image&id=250319629
Station8,0.0,0.0,2025-09-08 13:48:08,None,0,https://traptagger.co.uk/imageViewer?type=image&id=250319617
Station8,0.0,0.0,2025-09-08 14:32:14,None,0,https://traptagger.co.uk/imageViewer?type=image&id=250319614
Station8,0.0,0.0,2025-09-08 14:32:15,None,0,https://traptagger.co.uk/imageViewer?type=image&id=250319611
Station8,0.0,0.0,2025-09-08 14:32:15,None,0,https://traptagger.co.uk/imageViewer?type=image&id=250319613
Station8,0.0,0.0,2025-09-08 14:35:22,None,0,https://traptagger.co.uk/imageViewer?type=image&id=250319608
Station8,0.0,0.0,2025-09-08 14:35:22,None,0,https://traptagger.co.uk/imageViewer?type=image&id=250319612
Station8,0.0,0.0,2025-09-08 14:35:23,None,0,https://traptagger.co.uk/imageViewer?type=image&id=250319607
Station8,0.0,0.0,2025-09-08 14:37:57,None,0,https://traptagger.co.uk/imageViewer?type=image&id=250319601
Station8,0.0,0.0,2025-09-08 14:37:58,None,0,https://traptagger.co.uk/imageViewer?type=image&id=250319609
Station8,0.0,0.0,2025-09-08 14:37:58,None,0,https://traptagger.co.uk/imageViewer?type=image&id=250319610
Station8,0.0,0.0,2025-09-08 14:54:33,None,0,https://traptagger.co.uk/imageViewer?type=image&id=250319559
Station8,0.0,0.0,2025-09-08 14:54:33,None,0,https://traptagger.co.uk/imageViewer?type=image&id=250319583
Station8,0.0,0.0,2025-09-08 14:54:34,None,0,https://traptagger.co.uk/imageViewer?type=image&id=250319565
Station8,0.0,0.0,2025-09-08 16:23:38,None,0,https://traptagger.co.uk/imageViewer?type=image&id=250319595
Station8,0.0,0.0,2025-09-08 16:23:39,None,0,https://traptagger.co.uk/imageViewer?type=image&id=250319548
Station8,0.0,0.0,2025-09-08 16:23:39,None,0,https://traptagger.co.uk/imageViewer?type=image&id=250319589
Station8,0.0,0.0,2025-09-08 16:24:27,None,0,https://traptagger.co.uk/imageViewer?type=image&id=250319577
Station8,0.0,0.0,2025-09-08 16:24:28,None,0,https://traptagger.co.uk/imageViewer?type=image&id=250319541
Station8,0.0,0.0,2025-09-08 16:24:28,None,0,https://traptagger.co.uk/imageViewer?type=image&id=250319547
Station8,0.0,0.0,2025-09-08 16:26:58,None,0,https://traptagger.co.uk/imageViewer?type=image&id=250319535
Station8,0.0,0.0,2025-09-08 16:26:59,None,0,https://traptagger.co.uk/imageViewer?type=image&id=250319524
Station8,0.0,0.0,2025-09-08 16:26:59,None,0,https://traptagger.co.uk/imageViewer?type=image&id=250319554
Station8,0.0,0.0,2025-09-08 16:36:41,None,0,https://traptagger.co.uk/imageViewer?type=image&id=250319485
Station8,0.0,0.0,2025-09-08 16:36:42,None,0,https://traptagger.co.uk/imageViewer?type=image&id=250319495
Station8,0.0,0.0,2025-09-08 16:36:43,None,0,https://traptagger.co.uk/imageViewer?type=image&id=250319518
Station8,0.0,0.0,2025-09-08 19:51:12,None,0,https://traptagger.co.uk/imageViewer?type=image&id=250319511
Station8,0.0,0.0,2025-09-08 19:51:12,None,0,https://traptagger.co.uk/imageViewer?type=image&id=250319529
Station8,0.0,0.0,2025-09-08 19:51:13,None,0,https://traptagger.co.uk/imageViewer?type=image&id=250319506
Station8,0.0,0.0,2025-09-08 20:24:11,None,0,https://traptagger.co.uk/imageViewer?type=image&id=250319516
Station8,0.0,0.0,2025-09-08 20:24:12,None,0,https://traptagger.co.uk/imageViewer?type=image&id=250319477
Station8,0.0,0.0,2025-09-08 20:24:12,None,0,https://traptagger.co.uk/imageViewer?type=image&id=250319501
Station8,0.0,0.0,2025-09-08 23:54:51,None,0,https://traptagger.co.uk/imageViewer?type=image&id=250319489
Station8,0.0,0.0,2025-09-08 23:54:52,None,0,https://traptagger.co.uk/imageViewer?type=image&id=250319454
Station8,0.0,0.0,2025-09-08 23:54:52,None,0,https://traptagger.co.uk/imageViewer?type=image&id=250319482
Station8,0.0,0.0,2025-09-09 00:01:21,None,0,https://traptagger.co.uk/imageViewer?type=image&id=250319452
Station8,0.0,0.0,2025-09-09 00:01:21,None,0,https://traptagger.co.uk/imageViewer?type=image&id=250319460
Station8,0.0,0.0,2025-09-09 00:01:21,None,0,https://traptagger.co.uk/imageViewer?type=image&id=250319471
Station8,0.0,0.0,2025-09-09 03:06:18,None,0,https://traptagger.co.uk/imageViewer?type=image&id=250319465
Station8,0.0,0.0,2025-09-09 03:06:19,None,0,https://traptagger.co.uk/imageViewer?type=image&id=250321374
Station8,0.0,0.0,2025-09-09 03:06:19,None,0,https://traptagger.co.uk/imageViewer?type=image&id=250321389
Station8,0.0,0.0,2025-09-09 03:35:36,None,0,https://traptagger.co.uk/imageViewer?type=image&id=250319446
Station8,0.0,0.0,2025-09-09 03:35:36,None,0,https://traptagger.co.uk/imageViewer?type=image&id=250321353
Station8,0.0,0.0,2025-09-09 03:35:36,None,0,https://traptagger.co.uk/imageViewer?type=image&id=250321366
Station8,0.0,0.0,2025-09-09 03:48:45,None,0,https://traptagger.co.uk/imageViewer?type=image&id=250321368
Station8,0.0,0.0,2025-09-09 03:48:46,None,0,https://traptagger.co.uk/imageViewer?type=image&id=250321329
Station8,0.0,0.0,2025-09-09 03:48:46,None,0,https://traptagger.co.uk/imageViewer?type=image&id=250321348
Station8,0.0,0.0,2025-09-09 03:54:29,None,0,https://traptagger.co.uk/imageViewer?type=image&id=250321331
Station8,0.0,0.0,2025-09-09 03:54:29,None,0,https://traptagger.co.uk/imageViewer?type=image&id=250321360
Station8,0.0,0.0,2025-09-09 03:54:29,None,0,https://traptagger.co.uk/imageViewer?type=image&id=250321379
Station8,0.0,0.0,2025-09-09 04:13:02,None,0,https://traptagger.co.uk/imageViewer?type=image&id=250321306
Station8,0.0,0.0,2025-09-09 04:13:02,None,0,https://traptagger.co.uk/imageViewer?type=image&id=250321324
Station8,0.0,0.0,2025-09-09 04:13:03,None,0,https://traptagger.co.uk/imageViewer?type=image&id=250321337
Station8,0.0,0.0,2025-09-09 05:17:48,None,0,https://traptagger.co.uk/imageViewer?type=image&id=250321312
Station8,0.0,0.0,2025-09-09 05:17:49,None,0,https://traptagger.co.uk/imageViewer?type=image&id=250321318
Station8,0.0,0.0,2025-09-09 05:17:49,None,0,https://traptagger.co.uk/imageViewer?type=image&id=250321342
Station8,0.0,0.0,2025-09-09 06:59:39,None,0,https://traptagger.co.uk/imageViewer?type=image&id=250321291
Station8,0.0,0.0,2025-09-09 06:59:40,None,0,https://traptagger.co.uk/imageViewer?type=image&id=250321288
Station8,0.0,0.0,2025-09-09 06:59:40,None,0,https://traptagger.co.uk/imageViewer?type=image&id=250321296
Station8,0.0,0.0,2025-09-09 08:09:07,None,0,https://traptagger.co.uk/imageViewer?type=image&id=250321258
Station8,0.0,0.0,2025-09-09 08:09:08,None,0,https://traptagger.co.uk/imageViewer?type=image&id=250321270
Station8,0.0,0.0,2025-09-09 08:09:08,None,0,https://traptagger.co.uk/imageViewer?type=image&id=250321276
Station8,0.0,0.0,2025-09-09 08:15:09,None,0,https://traptagger.co.uk/imageViewer?type=image&id=250321249
Station8,0.0,0.0,2025-09-09 08:15:09,None,0,https://traptagger.co.uk/imageViewer?type=image&id=250321264
Station8,0.0,0.0,2025-09-09 08:15:09,None,0,https://traptagger.co.uk/imageViewer?type=image&id=250321282
Station8,0.0,0.0,2025-09-09 10:37:21,None,0,https://traptagger.co.uk/imageViewer?type=image&id=250321243
Station8,0.0,0.0,2025-09-09 10:37:22,None,0,https://traptagger.co.uk/imageViewer?type=image&id=250321236
Station8,0.0,0.0,2025-09-09 10:37:22,None,0,https://traptagger.co.uk/imageViewer?type=image&id=250321252
Station8,0.0,0.0,2025-09-09 11:00:29,None,0,https://traptagger.co.uk/imageViewer?type=image&id=250321213
Station8,0.0,0.0,2025-09-09 11:00:29,None,0,https://traptagger.co.uk/imageViewer?type=image&id=250321217
Station8,0.0,0.0,2025-09-09 11:00:29,None,0,https://traptagger.co.uk/imageViewer?type=image&id=250321230
Station8,0.0,0.0,2025-09-09 12:30:46,None,0,https://traptagger.co.uk/imageViewer?type=image&id=250321190
Station8,0.0,0.0,2025-09-09 12:30:47,None,0,https://traptagger.co.uk/imageViewer?type=image&id=250321184
Station8,0.0,0.0,2025-09-09 12:30:47,None,0,https://traptagger.co.uk/imageViewer?type=image&id=250321224
Station8,0.0,0.0,2025-09-09 13:09:21,None,0,https://traptagger.co.uk/imageViewer?type=image&id=250321208
Station8,0.0,0.0,2025-09-09 13:09:22,None,0,https://traptagger.co.uk/imageViewer?type=image&id=250321166
Station8,0.0,0.0,2025-09-09 13:09:22,None,0,https://traptagger.co.uk/imageViewer?type=image&id=250321202
Station8,0.0,0.0,2025-09-09 13:49:30,None,0,https://traptagger.co.uk/imageViewer?type=image&id=250321164
Station8,0.0,0.0,2025-09-09 13:49:31,None,0,https://traptagger.co.uk/imageViewer?type=image&id=250321175
Station8,0.0,0.0,2025-09-09 13:49:31,None,0,https://traptagger.co.uk/imageViewer?type=image&id=250321177
Station8,0.0,0.0,2025-09-09 21:38:31,None,0,https://traptagger.co.uk/imageViewer?type=image&id=250321171
Station8,0.0,0.0,2025-09-09 21:38:31,None,0,https://traptagger.co.uk/imageViewer?type=image&id=250321196
Station8,0.0,0.0,2025-09-09 21:38:32,None,0,https://traptagger.co.uk/imageViewer?type=image&id=250321173
Station8,0.0,0.0,2025-09-15 11:05:42,None,0,https://traptagger.co.uk/imageViewer?type=image&id=250321162
Station8,0.0,0.0,2025-09-15 11:05:42,None,0,https://traptagger.co.uk/imageViewer?type=image&id=250321168
Station8,0.0,0.0,2025-09-15 11:05:43,None,0,https://traptagger.co.uk/imageViewer?type=image&id=250321158
Station8,0.0,0.0,2025-09-15 12:49:11,None,0,https://traptagger.co.uk/imageViewer?type=image&id=250321156
Station8,0.0,0.0,2025-09-15 12:49:12,None,0,https://traptagger.co.uk/imageViewer?type=image&id=250321160
Station8,0.0,0.0,2025-09-15 12:49:13,None,0,https://traptagger.co.uk/imageViewer?type=image&id=250321146
Station8,0.0,0.0,2025-09-15 13:10:42,None,0,https://traptagger.co.uk/imageViewer?type=image&id=250321148
Station8,0.0,0.0,2025-09-15 13:10:43,None,0,https://traptagger.co.uk/imageViewer?type=image&id=250321150
Station8,0.0,0.0,2025-09-15 13:10:44,None,0,https://traptagger.co.uk/imageViewer?type=image&id=250321152
Station8,0.0,0.0,2025-09-15 13:42:26,None,0,https://traptagger.co.uk/imageViewer?type=image&id=250321154
Station8,0.0,0.0,2025-09-15 13:42:27,None,0,https://traptagger.co.uk/imageViewer?type=image&id=250321142
Station8,0.0,0.0,2025-09-15 13:42:28,None,0,https://traptagger.co.uk/imageViewer?type=image&id=250321139
Station8,0.0,0.0,2025-09-15 13:45:43,None,0,https://traptagger.co.uk/imageViewer?type=image&id=250321140
Station8,0.0,0.0,2025-09-15 13:45:43,None,0,https://traptagger.co.uk/imageViewer?type=image&id=250321144
Station8,0.0,0.0,2025-09-15 13:45:44,None,0,https://traptagger.co.uk/imageViewer?type=image&id=250321132
Station8,0.0,0.0,2025-09-15 13:49:55,None,0,https://traptagger.co.uk/imageViewer?type=image&id=250321125
Station8,0.0,0.0,2025-09-15 13:49:56,None,0,https://traptagger.co.uk/imageViewer?type=image&id=250321129
Station8,0.0,0.0,2025-09-15 13:49:56,None,0,https://traptagger.co.uk/imageViewer?type=image&id=250321137
Station8,0.0,0.0,2025-09-15 13:52:30,None,0,https://traptagger.co.uk/imageViewer?type=image&id=250321133
Station8,0.0,0.0,2025-09-15 13:52:31,None,0,https://traptagger.co.uk/imageViewer?type=image&id=250321131
Station8,0.0,0.0,2025-09-15 13:52:31,None,0,https://traptagger.co.uk/imageViewer?type=image&id=250321135
Station8,0.0,0.0,2025-09-15 14:00:17,None,0,https://traptagger.co.uk/imageViewer?type=image&id=250321119
Station8,0.0,0.0,2025-09-15 14:00:17,None,0,https://traptagger.co.uk/imageViewer?type=image&id=250321127
Station8,0.0,0.0,2025-09-15 14:00:18,None,0,https://traptagger.co.uk/imageViewer?type=image&id=250321123
Station8,0.0,0.0,2025-09-15 14:03:15,None,0,https://traptagger.co.uk/imageViewer?type=image&id=250321117
Station8,0.0,0.0,2025-09-15 14:03:16,None,0,https://traptagger.co.uk/imageViewer?type=image&id=250321112
Station8,0.0,0.0,2025-09-15 14:03:16,None,0,https://traptagger.co.uk/imageViewer?type=image&id=250321114
Station8,0.0,0.0,2025-09-15 14:40:33,None,0,https://traptagger.co.uk/imageViewer?type=image&id=250321083
Station8,0.0,0.0,2025-09-15 14:40:34,None,0,https://traptagger.co.uk/imageViewer?type=image&id=250321109
Station8,0.0,0.0,2025-09-15 14:40:34,None,0,https://traptagger.co.uk/imageViewer?type=image&id=250321116
Station8,0.0,0.0,2025-09-15 14:41:02,None,0,https://traptagger.co.uk/imageViewer?type=image&id=250321102
Station8,0.0,0.0,2025-09-15 14:41:03,None,0,https://traptagger.co.uk/imageViewer?type=image&id=250321055
Station8,0.0,0.0,2025-09-15 14:41:03,None,0,https://traptagger.co.uk/imageViewer?type=image&id=250321096
Station8,0.0,0.0,2025-09-15 15:04:50,None,0,https://traptagger.co.uk/imageViewer?type=image&id=250321077
Station8,0.0,0.0,2025-09-15 15:04:51,None,0,https://traptagger.co.uk/imageViewer?type=image&id=250321043
Station8,0.0,0.0,2025-09-15 15:04:51,None,0,https://traptagger.co.uk/imageViewer?type=image&id=250321090
Station8,0.0,0.0,2025-09-15 15:19:45,None,0,https://traptagger.co.uk/imageViewer?type=image&id=250321048
Station8,0.0,0.0,2025-09-15 15:19:45,None,0,https://traptagger.co.uk/imageViewer?type=image&id=250321068
Station8,0.0,0.0,2025-09-15 15:19:46,None,0,https://traptagger.co.uk/imageViewer?type=image&id=250321073
Station8,0.0,0.0,2025-09-15 15:28:01,None,0,https://traptagger.co.uk/imageViewer?type=image&id=250321062
Station8,0.0,0.0,2025-09-15 15:28:02,None,0,https://traptagger.co.uk/imageViewer?type=image&id=250321028
Station8,0.0,0.0,2025-09-15 15:28:02,None,0,https://traptagger.co.uk/imageViewer?type=image&id=250321034
Station8,0.0,0.0,2025-09-15 15:37:21,None,0,https://traptagger.co.uk/imageViewer?type=image&id=250321021
Station8,0.0,0.0,2025-09-15 15:37:21,None,0,https://traptagger.co.uk/imageViewer?type=image&id=250321037
Station8,0.0,0.0,2025-09-15 15:37:22,None,0,https://traptagger.co.uk/imageViewer?type=image&id=250321003
Station8,0.0,0.0,2025-09-15 15:41:56,None,0,https://traptagger.co.uk/imageViewer?type=image&id=250321000
Station8,0.0,0.0,2025-09-15 15:41:57,None,0,https://traptagger.co.uk/imageViewer?type=image&id=250320983
Station8,0.0,0.0,2025-09-15 15:41:57,None,0,https://traptagger.co.uk/imageViewer?type=image&id=250321016
Station8,0.0,0.0,2025-09-15 15:47:26,None,0,https://traptagger.co.uk/imageViewer?type=image&id=250320961
Station8,0.0,0.0,2025-09-15 15:47:27,None,0,https://traptagger.co.uk/imageViewer?type=image&id=250320977
Station8,0.0,0.0,2025-09-15 15:47:27,None,0,https://traptagger.co.uk/imageViewer?type=image&id=250321010
Station8,0.0,0.0,2025-09-15 15:51:20,None,0,https://traptagger.co.uk/imageViewer?type=image&id=250320955
Station8,0.0,0.0,2025-09-15 15:51:20,None,0,https://traptagger.co.uk/imageViewer?type=image&id=250320965
Station8,0.0,0.0,2025-09-15 15:51:21,None,0,https://traptagger.co.uk/imageViewer?type=image&id=250320935
Station8,0.0,0.0,2025-09-15 16:16:30,None,0,https://traptagger.co.uk/imageViewer?type=image&id=250320948
Station8,0.0,0.0,2025-09-15 16:16:31,None,0,https://traptagger.co.uk/imageViewer?type=image&id=250320942
Station8,0.0,0.0,2025-09-15 16:16:32,None,0,https://traptagger.co.uk/imageViewer?type=image&id=250320970
Station8,0.0,0.0,2025-09-15 16:38:32,None,0,https://traptagger.co.uk/imageViewer?type=image&id=250320929
Station8,0.0,0.0,2025-09-15 16:38:33,None,0,https://traptagger.co.uk/imageViewer?type=image&id=250320905
Station8,0.0,0.0,2025-09-15 16:38:33,None,0,https://traptagger.co.uk/imageViewer?type=image&id=250320919
Station8,0.0,0.0,2025-09-15 16:39:18,None,0,https://traptagger.co.uk/imageViewer?type=image&id=250320926
Station8,0.0,0.0,2025-09-15 16:39:19,None,0,https://traptagger.co.uk/imageViewer?type=image&id=250320898
Station8,0.0,0.0,2025-09-15 16:39:19,None,0,https://traptagger.co.uk/imageViewer?type=image&id=250320912
Station8,0.0,0.0,2025-09-15 17:16:37,None,0,https://traptagger.co.uk/imageViewer?type=image&id=250320883
Station8,0.0,0.0,2025-09-15 17:16:37,None,0,https://traptagger.co.uk/imageViewer?type=image&id=250320889
Station8,0.0,0.0,2025-09-15 17:16:38,None,0,https://traptagger.co.uk/imageViewer?type=image&id=250320892
Station8,0.0,0.0,2025-09-15 17:34:24,None,0,https://traptagger.co.uk/imageViewer?type=image&id=250320850
Station8,0.0,0.0,2025-09-15 17:34:24,None,0,https://traptagger.co.uk/imageViewer?type=image&id=250320870
Station8,0.0,0.0,2025-09-15 17:34:25,None,0,https://traptagger.co.uk/imageViewer?type=image&id=250320854
Station8,0.0,0.0,2025-09-15 18:06:43,None,0,https://traptagger.co.uk/imageViewer?type=image&id=250320844
Station8,0.0,0.0,2025-09-15 18:06:43,None,0,https://traptagger.co.uk/imageViewer?type=image&id=250320876
Station8,0.0,0.0,2025-09-15 18:06:44,None,0,https://traptagger.co.uk/imageViewer?type=image&id=250320863
Station8,0.0,0.0,2025-09-15 18:12:03,None,0,https://traptagger.co.uk/imageViewer?type=image&id=250320828
Station8,0.0,0.0,2025-09-15 18:12:03,None,0,https://traptagger.co.uk/imageViewer?type=image&id=250320857
Station8,0.0,0.0,2025-09-15 18:12:04,None,0,https://traptagger.co.uk/imageViewer?type=image&id=250320821
Station8,0.0,0.0,2025-09-15 18:12:32,None,0,https://traptagger.co.uk/imageViewer?type=image&id=250320794
Station8,0.0,0.0,2025-09-15 18:12:33,None,0,https://traptagger.co.uk/imageViewer?type=image&id=250320787
Station8,0.0,0.0,2025-09-15 18:12:33,None,0,https://traptagger.co.uk/imageViewer?type=image&id=250320819
Station8,0.0,0.0,2025-09-15 18:43:06,None,0,https://traptagger.co.uk/imageViewer?type=image&id=250320782
Station8,0.0,0.0,2025-09-15 18:43:06,None,0,https://traptagger.co.uk/imageViewer?type=image&id=250320800
Station8,0.0,0.0,2025-09-15 18:43:07,None,0,https://traptagger.co.uk/imageViewer?type=image&id=250320807
Station8,0.0,0.0,2025-09-15 18:58:45,None,0,https://traptagger.co.uk/imageViewer?type=image&id=250320813
Station8,0.0,0.0,2025-09-15 18:58:46,None,0,https://traptagger.co.uk/imageViewer?type=image&id=250320761
Station8,0.0,0.0,2025-09-15 18:58:46,None,0,https://traptagger.co.uk/imageViewer?type=image&id=250320773
Station8,0.0,0.0,2025-09-15 19:23:46,None,0,https://traptagger.co.uk/imageViewer?type=image&id=250320779
Station8,0.0,0.0,2025-09-15 19:23:47,None,0,https://traptagger.co.uk/imageViewer?type=image&id=250320755
Station8,0.0,0.0,2025-09-15 19:23:47,None,0,https://traptagger.co.uk/imageViewer?type=image&id=250320767
Station8,0.0,0.0,2025-09-15 19:27:33,None,0,https://traptagger.co.uk/imageViewer?type=image&id=250320749
Station8,0.0,0.0,2025-09-15 19:27:34,None,0,https://traptagger.co.uk/imageViewer?type=image&id=250320731
Station8,0.0,0.0,2025-09-15 19:27:34,None,0,https://traptagger.co.uk/imageViewer?type=image&id=250320744
Station8,0.0,0.0,2025-09-15 19:30:15,None,0,https://traptagger.co.uk/imageViewer?type=image&id=250320718
Station8,0.0,0.0,2025-09-15 19:30:15,None,0,https://traptagger.co.uk/imageViewer?type=image&id=250320736
Station8,0.0,0.0,2025-09-15 19:30:16,None,0,https://traptagger.co.uk/imageViewer?type=image&id=250320742
Station8,0.0,0.0,2025-09-15 19:48:12,None,0,https://traptagger.co.uk/imageViewer?type=image&id=250320712
Station8,0.0,0.0,2025-09-15 19:48:12,None,0,https://traptagger.co.uk/imageViewer?type=image&id=250320725
Station8,0.0,0.0,2025-09-15 19:48:13,None,0,https://traptagger.co.uk/imageViewer?type=image&id=250320706
Station8,0.0,0.0,2025-09-15 20:11:35,None,0,https://traptagger.co.uk/imageViewer?type=image&id=250320699
Station8,0.0,0.0,2025-09-15 20:11:36,None,0,https://traptagger.co.uk/imageViewer?type=image&id=250320671
Station8,0.0,0.0,2025-09-15 20:11:36,None,0,https://traptagger.co.uk/imageViewer?type=image&id=250320704
Station8,0.0,0.0,2025-09-15 20:43:17,None,0,https://traptagger.co.uk/imageViewer?type=image&id=250320681
Station8,0.0,0.0,2025-09-15 20:43:17,None,0,https://traptagger.co.uk/imageViewer?type=image&id=250320687
Station8,0.0,0.0,2025-09-15 20:43:18,None,0,https://traptagger.co.uk/imageViewer?type=image&id=250320676
Station8,0.0,0.0,2025-09-15 22:15:47,None,0,https://traptagger.co.uk/imageViewer?type=image&id=250320662
Station8,0.0,0.0,2025-09-15 22:15:47,None,0,https://traptagger.co.uk/imageViewer?type=image&id=250320668
Station8,0.0,0.0,2025-09-15 22:15:48,None,0,https://traptagger.co.uk/imageViewer?type=image&id=250320650
Station8,0.0,0.0,2025-09-15 22:19:05,None,0,https://traptagger.co.uk/imageViewer?type=image&id=250320645
Station8,0.0,0.0,2025-09-15 22:19:05,None,0,https://traptagger.co.uk/imageViewer?type=image&id=250320656
Station8,0.0,0.0,2025-09-15 22:19:06,None,0,https://traptagger.co.uk/imageViewer?type=image&id=250321477
Station8,0.0,0.0,2025-09-15 22:22:11,None,0,https://traptagger.co.uk/imageViewer?type=image&id=250321544
Station8,0.0,0.0,2025-09-15 22:22:11,None,0,https://traptagger.co.uk/imageViewer?type=image&id=250321564
Station8,0.0,0.0,2025-09-15 22:22:12,None,0,https://traptagger.co.uk/imageViewer?type=image&id=250321556
Station8,0.0,0.0,2025-09-15 22:29:55,None,0,https://traptagger.co.uk/imageViewer?type=image&id=250321533
Station8,0.0,0.0,2025-09-15 22:29:56,None,0,https://traptagger.co.uk/imageViewer?type=image&id=250321456
Station8,0.0,0.0,2025-09-15 22:29:56,None,0,https://traptagger.co.uk/imageViewer?type=image&id=250321515
Station8,0.0,0.0,2025-09-15 22:40:00,None,0,https://traptagger.co.uk/imageViewer?type=image&id=250321468
Station8,0.0,0.0,2025-09-15 22:40:00,None,0,https://traptagger.co.uk/imageViewer?type=image&id=250321504
Station8,0.0,0.0,2025-09-15 22:40:00,None,0,https://traptagger.co.uk/imageViewer?type=image&id=250321525
Station8,0.0,0.0,2025-09-15 22:47:29,None,0,https://traptagger.co.uk/imageViewer?type=image&id=250321484
Station8,0.0,0.0,2025-09-15 22:47:30,None,0,https://traptagger.co.uk/imageViewer?type=image&id=250321419
Station8,0.0,0.0,2025-09-15 22:47:30,None,0,https://traptagger.co.uk/imageViewer?type=image&id=250321493
Station8,0.0,0.0,2025-09-15 23:27:17,None,0,https://traptagger.co.uk/imageViewer?type=image&id=250321432
Station8,0.0,0.0,2025-09-15 23:27:18,None,0,https://traptagger.co.uk/imageViewer?type=image&id=250321310
Station8,0.0,0.0,2025-09-15 23:27:18,None,0,https://traptagger.co.uk/imageViewer?type=image&id=250321444
Station8,0.0,0.0,2025-09-15 23:50:06,None,0,https://traptagger.co.uk/imageViewer?type=image&id=250321330
Station8,0.0,0.0,2025-09-15 23:50:06,None,0,https://traptagger.co.uk/imageViewer?type=image&id=250321383
Station8,0.0,0.0,2025-09-15 23:50:06,None,0,https://traptagger.co.uk/imageViewer?type=image&id=250321428
Station8,0.0,0.0,2025-09-16 01:46:11,None,0,https://traptagger.co.uk/imageViewer?type=image&id=250321377
Station8,0.0,0.0,2025-09-16 01:46:11,None,0,https://traptagger.co.uk/imageViewer?type=image&id=250321407
Station8,0.0,0.0,2025-09-16 01:46:12,None,0,https://traptagger.co.uk/imageViewer?type=image&id=250321395
Station8,0.0,0.0,2025-09-16 01:47:11,None,0,https://traptagger.co.uk/imageViewer?type=image&id=250321336
Station8,0.0,0.0,2025-09-16 01:47:11,None,0,https://traptagger.co.uk/imageViewer?type=image&id=250321367
Station8,0.0,0.0,2025-09-16 01:47:11,None,0,https://traptagger.co.uk/imageViewer?type=image&id=250321371
Station8,0.0,0.0,2025-09-16 01:51:34,None,0,https://traptagger.co.uk/imageViewer?type=image&id=250321350
Station8,0.0,0.0,2025-09-16 01:51:34,None,0,https://traptagger.co.uk/imageViewer?type=image&id=250321356
Station8,0.0,0.0,2025-09-16 01:51:34,None,0,https://traptagger.co.uk/imageViewer?type=image&id=250321362
Station8,0.0,0.0,2025-09-16 01:59:45,None,0,https://traptagger.co.uk/imageViewer?type=image&id=250321323
Station8,0.0,0.0,2025-09-16 01:59:46,None,0,https://traptagger.co.uk/imageViewer?type=image&id=250321316
Station8,0.0,0.0,2025-09-16 01:59:46,None,0,https://traptagger.co.uk/imageViewer?type=image&id=250321328
Station8,0.0,0.0,2025-09-16 02:08:51,None,0,https://traptagger.co.uk/imageViewer?type=image&id=250321304
Station8,0.0,0.0,2025-09-16 02:08:52,None,0,https://traptagger.co.uk/imageViewer?type=image&id=250321293
Station8,0.0,0.0,2025-09-16 02:08:52,None,0,https://traptagger.co.uk/imageViewer?type=image&id=250321299
Station8,0.0,0.0,2025-09-16 02:39:28,None,0,https://traptagger.co.uk/imageViewer?type=image&id=250321221
Station8,0.0,0.0,2025-09-16 02:39:28,None,0,https://traptagger.co.uk/imageViewer?type=image&id=250321254
Station8,0.0,0.0,2025-09-16 02:39:28,None,0,https://traptagger.co.uk/imageViewer?type=image&id=250321290
Station8,0.0,0.0,2025-09-16 03:05:51,None,0,https://traptagger.co.uk/imageViewer?type=image&id=250321266
Station8,0.0,0.0,2025-09-16 03:05:51,None,0,https://traptagger.co.uk/imageViewer?type=image&id=250321279
Station8,0.0,0.0,2025-09-16 03:05:51,None,0,https://traptagger.co.uk/imageViewer?type=image&id=250321285
Station8,0.0,0.0,2025-09-16 03:11:51,None,0,https://traptagger.co.uk/imageViewer?type=image&id=250321260
Station8,0.0,0.0,2025-09-16 03:11:52,None,0,https://traptagger.co.uk/imageViewer?type=image&id=250321159
Station8,0.0,0.0,2025-09-16 03:11:52,None,0,https://traptagger.co.uk/imageViewer?type=image&id=250321214
Station8,0.0,0.0,2025-09-16 03:32:52,None,0,https://traptagger.co.uk/imageViewer?type=image&id=250321227
Station8,0.0,0.0,2025-09-16 03:32:52,None,0,https://traptagger.co.uk/imageViewer?type=image&id=250321272
Station8,0.0,0.0,2025-09-16 03:32:53,None,0,https://traptagger.co.uk/imageViewer?type=image&id=250321251
Station8,0.0,0.0,2025-09-16 03:33:45,None,0,https://traptagger.co.uk/imageViewer?type=image&id=250321153
Station8,0.0,0.0,2025-09-16 03:33:45,None,0,https://traptagger.co.uk/imageViewer?type=image&id=250321206
Station8,0.0,0.0,2025-09-16 03:33:45,None,0,https://traptagger.co.uk/imageViewer?type=image&id=250321239
Station8,0.0,0.0,2025-09-16 05:16:09,None,0,https://traptagger.co.uk/imageViewer?type=image&id=250321212
Station8,0.0,0.0,2025-09-16 05:16:10,None,0,https://traptagger.co.uk/imageViewer?type=image&id=250321233
Station8,0.0,0.0,2025-09-16 05:16:10,None,0,https://traptagger.co.uk/imageViewer?type=image&id=250321246
Station8,0.0,0.0,2025-09-16 10:24:26,None,0,https://traptagger.co.uk/imageViewer?type=image&id=250321180
Station8,0.0,0.0,2025-09-16 10:24:27,None,0,https://traptagger.co.uk/imageViewer?type=image&id=250321187
Station8,0.0,0.0,2025-09-16 10:24:27,None,0,https://traptagger.co.uk/imageViewer?type=image&id=250321193
Station8,0.0,0.0,2025-09-16 10:26:12,None,0,https://traptagger.co.uk/imageViewer?type=image&id=250321174
Station8,0.0,0.0,2025-09-16 10:26:13,None,0,https://traptagger.co.uk/imageViewer?type=image&id=250321169
Station8,0.0,0.0,2025-09-16 10:26:13,None,0,https://traptagger.co.uk/imageViewer?type=image&id=250321176
Station8,0.0,0.0,2025-09-16 10:28:00,None,0,https://traptagger.co.uk/imageViewer?type=image&id=250321167
Station8,0.0,0.0,2025-09-16 10:28:01,None,0,https://traptagger.co.uk/imageViewer?type=image&id=250321170
Station8,0.0,0.0,2025-09-16 10:28:02,None,0,https://traptagger.co.uk/imageViewer?type=image&id=250321172
Station8,0.0,0.0,2025-09-16 10:34:00,None,0,https://traptagger.co.uk/imageViewer?type=image&id=250321149
Station8,0.0,0.0,2025-09-16 10:34:00,None,0,https://traptagger.co.uk/imageViewer?type=image&id=250321161
Station8,0.0,0.0,2025-09-16 10:34:01,None,0,https://traptagger.co.uk/imageViewer?type=image&id=250321165
Station8,0.0,0.0,2025-09-16 10:46:56,None,0,https://traptagger.co.uk/imageViewer?type=image&id=250321128
Station8,0.0,0.0,2025-09-16 10:46:57,None,0,https://traptagger.co.uk/imageViewer?type=image&id=250321157
Station8,0.0,0.0,2025-09-16 10:46:57,None,0,https://traptagger.co.uk/imageViewer?type=image&id=250321163
Station8,0.0,0.0,2025-09-16 11:20:12,None,0,https://traptagger.co.uk/imageViewer?type=image&id=250321155
Station8,0.0,0.0,2025-09-16 11:20:13,None,0,https://traptagger.co.uk/imageViewer?type=image&id=250321151
Station8,0.0,0.0,2025-09-16 11:20:14,None,0,https://traptagger.co.uk/imageViewer?type=image&id=250321147
Station8,0.0,0.0,2025-09-16 11:27:32,None,0,https://traptagger.co.uk/imageViewer?type=image&id=250321141
Station8,0.0,0.0,2025-09-16 11:27:32,None,0,https://traptagger.co.uk/imageViewer?type=image&id=250321145
Station8,0.0,0.0,2025-09-16 11:27:33,None,0,https://traptagger.co.uk/imageViewer?type=image&id=250321124
Station8,0.0,0.0,2025-09-16 11:30:55,None,0,https://traptagger.co.uk/imageViewer?type=image&id=250321130
Station8,0.0,0.0,2025-09-16 11:30:55,None,0,https://traptagger.co.uk/imageViewer?type=image&id=250321143
Station8,0.0,0.0,2025-09-16 11:30:56,None,0,https://traptagger.co.uk/imageViewer?type=image&id=250321138
Station8,0.0,0.0,2025-09-16 11:32:44,None,0,https://traptagger.co.uk/imageViewer?type=image&id=250321134
Station8,0.0,0.0,2025-09-16 11:32:44,None,0,https://traptagger.co.uk/imageViewer?type=image&id=250321136
Station8,0.0,0.0,2025-09-16 11:32:45,None,0,https://traptagger.co.uk/imageViewer?type=image&id=250321126
Station8,0.0,0.0,2025-09-16 11:45:50,None,0,https://traptagger.co.uk/imageViewer?type=image&id=250321118
Station8,0.0,0.0,2025-09-16 11:45:51,None,0,https://traptagger.co.uk/imageViewer?type=image&id=250320743
Station8,0.0,0.0,2025-09-16 11:45:51,None,0,https://traptagger.co.uk/imageViewer?type=image&id=250320766
Station8,0.0,0.0,2025-09-16 11:50:42,None,0,https://traptagger.co.uk/imageViewer?type=image&id=250321122
Station8,0.0,0.0,2025-09-16 11:50:43,None,0,https://traptagger.co.uk/imageViewer?type=image&id=250321120
Station8,0.0,0.0,2025-09-16 11:50:43,None,0,https://traptagger.co.uk/imageViewer?type=image&id=250321121
Station8,0.0,0.0,2025-09-16 12:50:04,None,0,https://traptagger.co.uk/imageViewer?type=image&id=250321111
Station8,0.0,0.0,2025-09-16 12:50:05,None,0,https://traptagger.co.uk/imageViewer?type=image&id=250321087
Station8,0.0,0.0,2025-09-16 12:50:05,None,0,https://traptagger.co.uk/imageViewer?type=image&id=250321115
Station8,0.0,0.0,2025-09-16 13:03:09,None,0,https://traptagger.co.uk/imageViewer?type=image&id=250321093
Station8,0.0,0.0,2025-09-16 13:03:09,None,0,https://traptagger.co.uk/imageViewer?type=image&id=250321113
Station8,0.0,0.0,2025-09-16 13:03:10,None,0,https://traptagger.co.uk/imageViewer?type=image&id=250321100
Station8,0.0,0.0,2025-09-16 13:42:08,None,0,https://traptagger.co.uk/imageViewer?type=image&id=250321107
Station8,0.0,0.0,2025-09-16 13:42:09,None,0,https://traptagger.co.uk/imageViewer?type=image&id=250321041
Station8,0.0,0.0,2025-09-16 13:42:09,None,0,https://traptagger.co.uk/imageViewer?type=image&id=250321049
Station8,0.0,0.0,2025-09-16 13:59:44,None,0,https://traptagger.co.uk/imageViewer?type=image&id=250321070
Station8,0.0,0.0,2025-09-16 13:59:44,None,0,https://traptagger.co.uk/imageViewer?type=image&id=250321080
Station8,0.0,0.0,2025-09-16 13:59:45,None,0,https://traptagger.co.uk/imageViewer?type=image&id=250321074
Station8,0.0,0.0,2025-09-16 14:26:33,None,0,https://traptagger.co.uk/imageViewer?type=image&id=250321063
Station8,0.0,0.0,2025-09-16 14:26:34,None,0,https://traptagger.co.uk/imageViewer?type=image&id=250321007
Station8,0.0,0.0,2025-09-16 14:26:34,None,0,https://traptagger.co.uk/imageViewer?type=image&id=250321056
Station8,0.0,0.0,2025-09-16 14:50:13,None,0,https://traptagger.co.uk/imageViewer?type=image&id=250321033
Station8,0.0,0.0,2025-09-16 14:50:13,None,0,https://traptagger.co.uk/imageViewer?type=image&id=250321036
Station8,0.0,0.0,2025-09-16 14:50:14,None,0,https://traptagger.co.uk/imageViewer?type=image&id=250320997
Station8,0.0,0.0,2025-09-16 14:51:00,None,0,https://traptagger.co.uk/imageViewer?type=image&id=250321001
Station8,0.0,0.0,2025-09-16 14:51:00,None,0,https://traptagger.co.uk/imageViewer?type=image&id=250321026
Station8,0.0,0.0,2025-09-16 14:51:01,None,0,https://traptagger.co.uk/imageViewer?type=image&id=250320991
Station8,0.0,0.0,2025-09-16 14:52:42,None,0,https://traptagger.co.uk/imageViewer?type=image&id=250320978
Station8,0.0,0.0,2025-09-16 14:52:42,None,0,https://traptagger.co.uk/imageViewer?type=image&id=250320986
Station8,0.0,0.0,2025-09-16 14:52:43,None,0,https://traptagger.co.uk/imageViewer?type=image&id=250320972
Station8,0.0,0.0,2025-09-16 14:54:25,None,0,https://traptagger.co.uk/imageViewer?type=image&id=250320966
Station8,0.0,0.0,2025-09-16 14:54:26,None,0,https://traptagger.co.uk/imageViewer?type=image&id=250320947
Station8,0.0,0.0,2025-09-16 14:54:26,None,0,https://traptagger.co.uk/imageViewer?type=image&id=250320954
Station8,0.0,0.0,2025-09-16 14:54:58,None,0,https://traptagger.co.uk/imageViewer?type=image&id=250320962
Station8,0.0,0.0,2025-09-16 14:54:59,None,0,https://traptagger.co.uk/imageViewer?type=image&id=250320933
Station8,0.0,0.0,2025-09-16 14:55:00,None,0,https://traptagger.co.uk/imageViewer?type=image&id=250320928
Station8,0.0,0.0,2025-09-16 14:57:32,None,0,https://traptagger.co.uk/imageViewer?type=image&id=250320916
Station8,0.0,0.0,2025-09-16 14:57:32,None,0,https://traptagger.co.uk/imageViewer?type=image&id=250320940
Station8,0.0,0.0,2025-09-16 14:57:33,None,0,https://traptagger.co.uk/imageViewer?type=image&id=250320923
Station8,0.0,0.0,2025-09-16 15:01:39,None,0,https://traptagger.co.uk/imageViewer?type=image&id=250320879
Station8,0.0,0.0,2025-09-16 15:01:39,None,0,https://traptagger.co.uk/imageViewer?type=image&id=250320895
Station8,0.0,0.0,2025-09-16 15:01:40,None,0,https://traptagger.co.uk/imageViewer?type=image&id=250320902
Station8,0.0,0.0,2025-09-16 15:14:08,None,0,https://traptagger.co.uk/imageViewer?type=image&id=250320783
Station8,0.0,0.0,2025-09-16 15:14:08,None,0,https://traptagger.co.uk/imageViewer?type=image&id=250320909
Station8,0.0,0.0,2025-09-16 15:14:09,None,0,https://traptagger.co.uk/imageViewer?type=image&id=250320845
Station8,0.0,0.0,2025-09-16 15:22:10,None,0,https://traptagger.co.uk/imageViewer?type=image&id=250320886
Station8,0.0,0.0,2025-09-16 15:22:11,None,0,https://traptagger.co.uk/imageViewer?type=image&id=250320873
Station8,0.0,0.0,2025-09-16 15:22:11,None,0,https://traptagger.co.uk/imageViewer?type=image&id=250320891
Station8,0.0,0.0,2025-09-16 15:25:19,None,0,https://traptagger.co.uk/imageViewer?type=image&id=250320797
Station8,0.0,0.0,2025-09-16 15:25:19,None,0,https://traptagger.co.uk/imageViewer?type=image&id=250320859
Station8,0.0,0.0,2025-09-16 15:25:20,None,0,https://traptagger.co.uk/imageViewer?type=image&id=250320804
Station8,0.0,0.0,2025-09-16 15:37:40,None,0,https://traptagger.co.uk/imageViewer?type=image&id=250320866
Station8,0.0,0.0,2025-09-16 15:37:41,None,0,https://traptagger.co.uk/imageViewer?type=image&id=250320820
Station8,0.0,0.0,2025-09-16 15:37:41,None,0,https://traptagger.co.uk/imageViewer?type=image&id=250320839
Station8,0.0,0.0,2025-09-16 15:40:52,None,0,https://traptagger.co.uk/imageViewer?type=image&id=250320817
Station8,0.0,0.0,2025-09-16 15:40:53,None,0,https://traptagger.co.uk/imageViewer?type=image&id=250320826
Station8,0.0,0.0,2025-09-16 15:40:53,None,0,https://traptagger.co.uk/imageViewer?type=image&id=250320833
Station8,0.0,0.0,2025-09-16 15:49:12,None,0,https://traptagger.co.uk/imageViewer?type=image&id=250320774
Station8,0.0,0.0,2025-09-16 15:49:13,None,0,https://traptagger.co.uk/imageViewer?type=image&id=250320790
Station8,0.0,0.0,2025-09-16 15:49:13,None,0,https://traptagger.co.uk/imageViewer?type=image&id=250320810
Station8,0.0,0.0,2025-09-16 15:49:50,None,0,https://traptagger.co.uk/imageViewer?type=image&id=250320753
Station8,0.0,0.0,2025-09-16 15:49:51,None,0,https://traptagger.co.uk/imageViewer?type=image&id=250320682
Station8,0.0,0.0,2025-09-16 15:49:51,None,0,https://traptagger.co.uk/imageViewer?type=image&id=250320760
Station8,0.0,0.0,2025-09-16 15:51:59,None,0,https://traptagger.co.uk/imageViewer?type=image&id=250320674
Station8,0.0,0.0,2025-09-16 15:52:00,None,0,https://traptagger.co.uk/imageViewer?type=image&id=250320616
Station8,0.0,0.0,2025-09-16 15:52:00,None,0,https://traptagger.co.uk/imageViewer?type=image&id=250320781
Station8,0.0,0.0,2025-09-16 16:01:39,None,0,https://traptagger.co.uk/imageViewer?type=image&id=250320737
Station8,0.0,0.0,2025-09-16 16:01:39,None,0,https://traptagger.co.uk/imageViewer?type=image&id=250320746
Station8,0.0,0.0,2025-09-16 16:01:40,None,0,https://traptagger.co.uk/imageViewer?type=image&id=250320698
Station8,0.0,0.0,2025-09-16 16:05:23,None,0,https://traptagger.co.uk/imageViewer?type=image&id=250320603
Station8,0.0,0.0,2025-09-16 16:05:24,None,0,https://traptagger.co.uk/imageViewer?type=image&id=250320665
Station8,0.0,0.0,2025-09-16 16:05:24,None,0,https://traptagger.co.uk/imageViewer?type=image&id=250320716
Station8,0.0,0.0,2025-09-16 16:21:21,None,0,https://traptagger.co.uk/imageViewer?type=image&id=250320723
Station8,0.0,0.0,2025-09-16 16:21:22,None,0,https://traptagger.co.uk/imageViewer?type=image&id=250320705
Station8,0.0,0.0,2025-09-16 16:21:22,None,0,https://traptagger.co.uk/imageViewer?type=image&id=250320729
Station8,0.0,0.0,2025-09-16 16:39:47,None,0,https://traptagger.co.uk/imageViewer?type=image&id=250320709
Station8,0.0,0.0,2025-09-16 16:39:48,None,0,https://traptagger.co.uk/imageViewer?type=image&id=250320659
Station8,0.0,0.0,2025-09-16 16:39:48,None,0,https://traptagger.co.uk/imageViewer?type=image&id=250320670
Station8,0.0,0.0,2025-09-16 16:42:11,None,0,https://traptagger.co.uk/imageViewer?type=image&id=250320637
Station8,0.0,0.0,2025-09-16 16:42:11,None,0,https://traptagger.co.uk/imageViewer?type=image&id=250320644
Station8,0.0,0.0,2025-09-16 16:42:12,None,0,https://traptagger.co.uk/imageViewer?type=image&id=250320592
Station8,0.0,0.0,2025-09-16 16:44:18,None,0,https://traptagger.co.uk/imageViewer?type=image&id=250320623
Station8,0.0,0.0,2025-09-16 16:44:19,None,0,https://traptagger.co.uk/imageViewer?type=image&id=250320632
Station8,0.0,0.0,2025-09-16 16:44:19,None,0,https://traptagger.co.uk/imageViewer?type=image&id=250320652
Station8,0.0,0.0,2025-09-16 17:35:05,None,0,https://traptagger.co.uk/imageViewer?type=image&id=250320596
Station8,0.0,0.0,2025-09-16 17:35:06,None,0,https://traptagger.co.uk/imageViewer?type=image&id=250320577
Station8,0.0,0.0,2025-09-16 17:35:06,None,0,https://traptagger.co.uk/imageViewer?type=image&id=250320630
Station8,0.0,0.0,2025-09-16 17:57:24,None,0,https://traptagger.co.uk/imageViewer?type=image&id=250320590
Station8,0.0,0.0,2025-09-16 17:57:24,None,0,https://traptagger.co.uk/imageViewer?type=image&id=250320609
Station8,0.0,0.0,2025-09-16 17:57:25,None,0,https://traptagger.co.uk/imageViewer?type=image&id=250320584
Station8,0.0,0.0,2025-09-16 18:07:03,None,0,https://traptagger.co.uk/imageViewer?type=image&id=250320533
Station8,0.0,0.0,2025-09-16 18:07:03,None,0,https://traptagger.co.uk/imageViewer?type=image&id=250320582
Station8,0.0,0.0,2025-09-16 18:07:04,None,0,https://traptagger.co.uk/imageViewer?type=image&id=250320586
Station8,0.0,0.0,2025-09-16 18:21:07,None,0,https://traptagger.co.uk/imageViewer?type=image&id=250320588
Station8,0.0,0.0,2025-09-16 18:21:08,None,0,https://traptagger.co.uk/imageViewer?type=image&id=250320569
Station8,0.0,0.0,2025-09-16 18:21:08,None,0,https://traptagger.co.uk/imageViewer?type=image&id=250320580
Station8,0.0,0.0,2025-09-16 18:22:44,None,0,https://traptagger.co.uk/imageViewer?type=image&id=250320565
Station8,0.0,0.0,2025-09-16 18:22:44,None,0,https://traptagger.co.uk/imageViewer?type=image&id=250320575
Station8,0.0,0.0,2025-09-16 18:22:45,None,0,https://traptagger.co.uk/imageViewer?type=image&id=250320563
Station8,0.0,0.0,2025-09-16 18:23:56,None,0,https://traptagger.co.uk/imageViewer?type=image&id=250320572
Station8,0.0,0.0,2025-09-16 18:23:57,None,0,https://traptagger.co.uk/imageViewer?type=image&id=250320546
Station8,0.0,0.0,2025-09-16 18:23:57,None,0,https://traptagger.co.uk/imageViewer?type=image&id=250320579
Station8,0.0,0.0,2025-09-16 18:34:45,None,0,https://traptagger.co.uk/imageViewer?type=image&id=250320542
Station8,0.0,0.0,2025-09-16 18:34:46,None,0,https://traptagger.co.uk/imageViewer?type=image&id=250320567
Station8,0.0,0.0,2025-09-16 18:34:47,None,0,https://traptagger.co.uk/imageViewer?type=image&id=250320560
Station8,0.0,0.0,2025-09-16 19:00:47,None,0,https://traptagger.co.uk/imageViewer?type=image&id=250320552
Station8,0.0,0.0,2025-09-16 19:00:47,None,0,https://traptagger.co.uk/imageViewer?type=image&id=250320554
Station8,0.0,0.0,2025-09-16 19:00:47,None,0,https://traptagger.co.uk/imageViewer?type=image&id=250320561
Station8,0.0,0.0,2025-09-16 19:12:07,None,0,https://traptagger.co.uk/imageViewer?type=image&id=250320558
Station8,0.0,0.0,2025-09-16 19:12:08,None,0,https://traptagger.co.uk/imageViewer?type=image&id=250320550
Station8,0.0,0.0,2025-09-16 19:12:08,None,0,https://traptagger.co.uk/imageViewer?type=image&id=250320556
Station8,0.0,0.0,2025-09-16 19:19:04,None,0,https://traptagger.co.uk/imageViewer?type=image&id=250320537
Station8,0.0,0.0,2025-09-16 19:19:05,None,0,https://traptagger.co.uk/imageViewer?type=image&id=250320535
Station8,0.0,0.0,2025-09-16 19:19:05,None,0,https://traptagger.co.uk/imageViewer?type=image&id=250320548
Station8,0.0,0.0,2025-09-16 19:27:47,None,0,https://traptagger.co.uk/imageViewer?type=image&id=250320543
Station8,0.0,0.0,2025-09-16 19:27:48,None,0,https://traptagger.co.uk/imageViewer?type=image&id=250320531
Station8,0.0,0.0,2025-09-16 19:27:48,None,0,https://traptagger.co.uk/imageViewer?type=image&id=250320539
Station8,0.0,0.0,2025-09-16 20:04:37,None,0,https://traptagger.co.uk/imageViewer?type=image&id=250320527
Station8,0.0,0.0,2025-09-16 20:04:38,None,0,https://traptagger.co.uk/imageViewer?type=image&id=250320519
Station8,0.0,0.0,2025-09-16 20:04:38,None,0,https://traptagger.co.uk/imageViewer?type=image&id=250320529
Station8,0.0,0.0,2025-09-16 20:10:53,None,0,https://traptagger.co.uk/imageViewer?type=image&id=250320466
Station8,0.0,0.0,2025-09-16 20:10:53,None,0,https://traptagger.co.uk/imageViewer?type=image&id=250320505
Station8,0.0,0.0,2025-09-16 20:10:53,None,0,https://traptagger.co.uk/imageViewer?type=image&id=250320530
Station8,0.0,0.0,2025-09-16 20:38:50,None,0,https://traptagger.co.uk/imageViewer?type=image&id=250320521
Station8,0.0,0.0,2025-09-16 20:38:50,None,0,https://traptagger.co.uk/imageViewer?type=image&id=250320525
Station8,0.0,0.0,2025-09-16 20:38:51,None,0,https://traptagger.co.uk/imageViewer?type=image&id=250320517
Station8,0.0,0.0,2025-09-16 20:49:53,None,0,https://traptagger.co.uk/imageViewer?type=image&id=250320321
Station8,0.0,0.0,2025-09-16 20:49:54,None,0,https://traptagger.co.uk/imageViewer?type=image&id=250320316
Station8,0.0,0.0,2025-09-16 20:49:54,None,0,https://traptagger.co.uk/imageViewer?type=image&id=250320515
Station8,0.0,0.0,2025-09-16 21:01:49,None,0,https://traptagger.co.uk/imageViewer?type=image&id=250320507
Station8,0.0,0.0,2025-09-16 21:01:49,None,0,https://traptagger.co.uk/imageViewer?type=image&id=250320511
Station8,0.0,0.0,2025-09-16 21:01:50,None,0,https://traptagger.co.uk/imageViewer?type=image&id=250320513
Station8,0.0,0.0,2025-09-16 21:31:56,None,0,https://traptagger.co.uk/imageViewer?type=image&id=250320499
Station8,0.0,0.0,2025-09-16 21:31:57,None,0,https://traptagger.co.uk/imageViewer?type=image&id=250320503
Station8,0.0,0.0,2025-09-16 21:31:57,None,0,https://traptagger.co.uk/imageViewer?type=image&id=250320509
Station8,0.0,0.0,2025-09-16 21:49:17,None,0,https://traptagger.co.uk/imageViewer?type=image&id=250320492
Station8,0.0,0.0,2025-09-16 21:49:17,None,0,https://traptagger.co.uk/imageViewer?type=image&id=250320501
Station8,0.0,0.0,2025-09-16 21:49:18,None,0,https://traptagger.co.uk/imageViewer?type=image&id=250320472
Station8,0.0,0.0,2025-09-16 22:20:50,None,0,https://traptagger.co.uk/imageViewer?type=image&id=250320427
Station8,0.0,0.0,2025-09-16 22:20:50,None,0,https://traptagger.co.uk/imageViewer?type=image&id=250320486
Station8,0.0,0.0,2025-09-16 22:20:51,None,0,https://traptagger.co.uk/imageViewer?type=image&id=250320438
Station8,0.0,0.0,2025-09-17 00:21:55,None,0,https://traptagger.co.uk/imageViewer?type=image&id=250320479
Station8,0.0,0.0,2025-09-17 00:21:56,None,0,https://traptagger.co.uk/imageViewer?type=image&id=250320348
Station8,0.0,0.0,2025-09-17 00:21:56,None,0,https://traptagger.co.uk/imageViewer?type=image&id=250320462
Station8,0.0,0.0,2025-09-17 00:49:42,None,0,https://traptagger.co.uk/imageViewer?type=image&id=250320450
Station8,0.0,0.0,2025-09-17 00:49:42,None,0,https://traptagger.co.uk/imageViewer?type=image&id=250320457
Station8,0.0,0.0,2025-09-17 00:49:43,None,0,https://traptagger.co.uk/imageViewer?type=image&id=250320444
Station9,0.0,0.0,2024-10-07 11:05:20,None,0,https://traptagger.co.uk/imageViewer?type=image&id=209429992
Station9,0.0,0.0,2024-10-07 11:05:21,None,0,https://traptagger.co.uk/imageViewer?type=image&id=209429968
Station9,0.0,0.0,2024-10-07 11:05:21,None,0,https://traptagger.co.uk/imageViewer?type=image&id=209429983
Station9,0.0,0.0,2024-10-08 04:22:49,Apodemus,1,https://traptagger.co.uk/imageViewer?type=image&id=209429932
Station9,0.0,0.0,2024-10-08 04:22:49,Apodemus,1,https://traptagger.co.uk/imageViewer?type=image&id=209429942
Station9,0.0,0.0,2024-10-08 04:22:50,Apodemus,1,https://traptagger.co.uk/imageViewer?type=image&id=209429950
Station9,0.0,0.0,2024-10-08 04:24:29,Apodemus,1,https://traptagger.co.uk/imageViewer?type=image&id=209429957
Station9,0.0,0.0,2024-10-08 04:24:30,Apodemus,1,https://traptagger.co.uk/imageViewer?type=image&id=209429902
Station9,0.0,0.0,2024-10-08 04:24:30,Apodemus,1,https://traptagger.co.uk/imageViewer?type=image&id=209429975
Station9,0.0,0.0,2024-10-08 23:35:35,Apodemus,2,https://traptagger.co.uk/imageViewer?type=image&id=209429925
Station9,0.0,0.0,2024-10-08 23:35:36,Apodemus,1,https://traptagger.co.uk/imageViewer?type=image&id=209429894
Station9,0.0,0.0,2024-10-08 23:35:36,Apodemus,1,https://traptagger.co.uk/imageViewer?type=image&id=209429910
Station9,0.0,0.0,2024-10-09 03:34:40,Apodemus,1,https://traptagger.co.uk/imageViewer?type=image&id=209429887
Station9,0.0,0.0,2024-10-09 03:34:40,Apodemus,2,https://traptagger.co.uk/imageViewer?type=image&id=209429917
Station9,0.0,0.0,2024-10-09 03:34:41,Apodemus,1,https://traptagger.co.uk/imageViewer?type=image&id=209429878
Station9,0.0,0.0,2024-10-09 04:38:36,Apodemus,1,https://traptagger.co.uk/imageViewer?type=image&id=209429864
Station9,0.0,0.0,2024-10-09 04:38:36,Apodemus,1,https://traptagger.co.uk/imageViewer?type=image&id=209429870
Station9,0.0,0.0,2024-10-09 04:38:37,Apodemus,1,https://traptagger.co.uk/imageViewer?type=image&id=209429832
Station9,0.0,0.0,2024-10-09 04:47:51,Apodemus,2,https://traptagger.co.uk/imageViewer?type=image&id=209429841
Station9,0.0,0.0,2024-10-09 04:47:51,Apodemus,1,https://traptagger.co.uk/imageViewer?type=image&id=209429857
Station9,0.0,0.0,2024-10-09 04:47:52,Apodemus,1,https://traptagger.co.uk/imageViewer?type=image&id=209429849
Station9,0.0,0.0,2024-10-09 04:48:12,Apodemus,1,https://traptagger.co.uk/imageViewer?type=image&id=209429801
Station9,0.0,0.0,2024-10-09 04:48:12,Apodemus,2,https://traptagger.co.uk/imageViewer?type=image&id=209429808
Station9,0.0,0.0,2024-10-09 04:48:12,Apodemus,1,https://traptagger.co.uk/imageViewer?type=image&id=209429824
Station9,0.0,0.0,2024-10-09 04:48:52,Apodemus,1,https://traptagger.co.uk/imageViewer?type=image&id=209429792
Station9,0.0,0.0,2024-10-09 04:48:53,None,0,https://traptagger.co.uk/imageViewer?type=image&id=209429776
Station9,0.0,0.0,2024-10-09 04:48:53,None,0,https://traptagger.co.uk/imageViewer?type=image&id=209429784
Station9,0.0,0.0,2024-10-09 04:55:45,Apodemus,1,https://traptagger.co.uk/imageViewer?type=image&id=209429745
Station9,0.0,0.0,2024-10-09 04:55:45,Apodemus,1,https://traptagger.co.uk/imageViewer?type=image&id=209429767
Station9,0.0,0.0,2024-10-09 04:55:46,Apodemus,1,https://traptagger.co.uk/imageViewer?type=image&id=209429752
Station9,0.0,0.0,2024-10-09 05:01:03,Apodemus,1,https://traptagger.co.uk/imageViewer?type=image&id=209429759
Station9,0.0,0.0,2024-10-09 05:01:03,None,0,https://traptagger.co.uk/imageViewer?type=image&id=209429736
Station9,0.0,0.0,2024-10-09 05:01:04,None,0,https://traptagger.co.uk/imageViewer?type=image&id=209429728
Station9,0.0,0.0,2024-10-09 05:05:22,Apodemus,1,https://traptagger.co.uk/imageViewer?type=image&id=209429720
Station9,0.0,0.0,2024-10-09 05:05:23,Apodemus,1,https://traptagger.co.uk/imageViewer?type=image&id=209429705
Station9,0.0,0.0,2024-10-09 05:05:23,Apodemus,1,https://traptagger.co.uk/imageViewer?type=image&id=209429712
Station9,0.0,0.0,2024-10-09 05:06:03,Apodemus,1,https://traptagger.co.uk/imageViewer?type=image&id=209429698
Station9,0.0,0.0,2024-10-09 05:06:04,Apodemus,1,https://traptagger.co.uk/imageViewer?type=image&id=209429690
Station9,0.0,0.0,2024-10-09 05:06:04,None,0,https://traptagger.co.uk/imageViewer?type=image&id=209429659
Station9,0.0,0.0,2024-10-09 06:14:31,Apodemus,1,https://traptagger.co.uk/imageViewer?type=image&id=209429682
Station9,0.0,0.0,2024-10-09 06:14:32,Apodemus,1,https://traptagger.co.uk/imageViewer?type=image&id=209429667
Station9,0.0,0.0,2024-10-09 06:14:32,Apodemus,1,https://traptagger.co.uk/imageViewer?type=image&id=209429675
Station9,0.0,0.0,2024-10-09 06:17:06,Apodemus,1,https://traptagger.co.uk/imageViewer?type=image&id=209429652
Station9,0.0,0.0,2024-10-09 06:17:07,None,0,https://traptagger.co.uk/imageViewer?type=image&id=209429603
Station9,0.0,0.0,2024-10-09 06:17:07,None,0,https://traptagger.co.uk/imageViewer?type=image&id=209429619
Station9,0.0,0.0,2024-10-09 06:17:54,Apodemus,1,https://traptagger.co.uk/imageViewer?type=image&id=209429644
Station9,0.0,0.0,2024-10-09 06:17:55,None,0,https://traptagger.co.uk/imageViewer?type=image&id=209429627
Station9,0.0,0.0,2024-10-09 06:17:55,None,0,https://traptagger.co.uk/imageViewer?type=image&id=209429635
Station9,0.0,0.0,2024-10-09 06:19:28,Apodemus,2,https://traptagger.co.uk/imageViewer?type=image&id=209429596
Station9,0.0,0.0,2024-10-09 06:19:28,None,0,https://traptagger.co.uk/imageViewer?type=image&id=209429586
Station9,0.0,0.0,2024-10-09 06:19:29,None,0,https://traptagger.co.uk/imageViewer?type=image&id=209429561
Station9,0.0,0.0,2024-10-09 06:19:47,Apodemus,1,https://traptagger.co.uk/imageViewer?type=image&id=209429578
Station9,0.0,0.0,2024-10-09 06:19:48,Apodemus,2,https://traptagger.co.uk/imageViewer?type=image&id=209429553
Station9,0.0,0.0,2024-10-09 06:19:48,Apodemus,1,https://traptagger.co.uk/imageViewer?type=image&id=209429570
Station9,0.0,0.0,2024-10-09 06:20:06,Apodemus,1,https://traptagger.co.uk/imageViewer?type=image&id=209429545
Station9,0.0,0.0,2024-10-09 06:20:07,Apodemus,1,https://traptagger.co.uk/imageViewer?type=image&id=209429515
Station9,0.0,0.0,2024-10-09 06:20:07,Apodemus,2,https://traptagger.co.uk/imageViewer?type=image&id=209429538
Station9,0.0,0.0,2024-10-09 06:23:38,Apodemus,1,https://traptagger.co.uk/imageViewer?type=image&id=209429524
Station9,0.0,0.0,2024-10-09 06:23:38,Apodemus,1,https://traptagger.co.uk/imageViewer?type=image&id=209429531
Station9,0.0,0.0,2024-10-09 06:23:39,Apodemus,1,https://traptagger.co.uk/imageViewer?type=image&id=209429507
Station9,0.0,0.0,2024-10-09 06:23:59,Apodemus,1,https://traptagger.co.uk/imageViewer?type=image&id=209429485
Station9,0.0,0.0,2024-10-09 06:23:59,Apodemus,1,https://traptagger.co.uk/imageViewer?type=image&id=209429493
Station9,0.0,0.0,2024-10-09 06:23:59,Apodemus,2,https://traptagger.co.uk/imageViewer?type=image&id=209429501
Station9,0.0,0.0,2024-10-09 12:03:10,None,0,https://traptagger.co.uk/imageViewer?type=image&id=209429478
Station9,0.0,0.0,2024-10-09 12:03:11,None,0,https://traptagger.co.uk/imageViewer?type=image&id=209429460
Station9,0.0,0.0,2024-10-09 12:03:11,None,0,https://traptagger.co.uk/imageViewer?type=image&id=209429470
Station9,0.0,0.0,2024-10-14 10:39:53,None,0,https://traptagger.co.uk/imageViewer?type=image&id=209429444
Station9,0.0,0.0,2024-10-14 10:39:53,None,0,https://traptagger.co.uk/imageViewer?type=image&id=209429452
Station9,0.0,0.0,2024-10-14 10:39:54,None,0,https://traptagger.co.uk/imageViewer?type=image&id=209429408
Station9,0.0,0.0,2024-10-21 09:42:24,None,0,https://traptagger.co.uk/imageViewer?type=image&id=209429434
Station9,0.0,0.0,2024-10-21 09:42:25,None,0,https://traptagger.co.uk/imageViewer?type=image&id=209429417
Station9,0.0,0.0,2024-10-21 09:42:26,None,0,https://traptagger.co.uk/imageViewer?type=image&id=209429425
Station9,0.0,0.0,2025-09-01 11:38:15,None,0,https://traptagger.co.uk/imageViewer?type=image&id=250320407
Station9,0.0,0.0,2025-09-01 11:38:15,None,0,https://traptagger.co.uk/imageViewer?type=image&id=250320432
Station9,0.0,0.0,2025-09-01 11:38:16,None,0,https://traptagger.co.uk/imageViewer?type=image&id=250320423
Station9,0.0,0.0,2025-09-02 00:53:31,Apodemus,1,https://traptagger.co.uk/imageViewer?type=image&id=250320378
Station9,0.0,0.0,2025-09-02 00:53:32,Apodemus,1,https://traptagger.co.uk/imageViewer?type=image&id=250320371
Station9,0.0,0.0,2025-09-02 00:53:32,Apodemus,1,https://traptagger.co.uk/imageViewer?type=image&id=250320400
Station9,0.0,0.0,2025-09-02 21:01:10,Apodemus,1,https://traptagger.co.uk/imageViewer?type=image&id=250320394
Station9,0.0,0.0,2025-09-02 21:01:11,Apodemus,1,https://traptagger.co.uk/imageViewer?type=image&id=250320385
Station9,0.0,0.0,2025-09-02 21:01:11,Apodemus,1,https://traptagger.co.uk/imageViewer?type=image&id=250320390
Station9,0.0,0.0,2025-09-08 10:10:24,None,0,https://traptagger.co.uk/imageViewer?type=image&id=250320358
Station9,0.0,0.0,2025-09-08 10:10:25,None,0,https://traptagger.co.uk/imageViewer?type=image&id=250320299
Station9,0.0,0.0,2025-09-08 10:10:25,None,0,https://traptagger.co.uk/imageViewer?type=image&id=250320353
Station9,0.0,0.0,2025-09-10 04:57:03,Apodemus,1,https://traptagger.co.uk/imageViewer?type=image&id=250320364
Station9,0.0,0.0,2025-09-10 04:57:04,Apodemus,1,https://traptagger.co.uk/imageViewer?type=image&id=250320305
Station9,0.0,0.0,2025-09-10 04:57:05,Apodemus,1,https://traptagger.co.uk/imageViewer?type=image&id=250320327
Station9,0.0,0.0,2025-09-10 04:57:57,None,0,https://traptagger.co.uk/imageViewer?type=image&id=250320341
Station9,0.0,0.0,2025-09-10 04:57:58,None,0,https://traptagger.co.uk/imageViewer?type=image&id=250320277
Station9,0.0,0.0,2025-09-10 04:57:58,None,0,https://traptagger.co.uk/imageViewer?type=image&id=250320334
Station9,0.0,0.0,2025-09-15 10:53:29,None,0,https://traptagger.co.uk/imageViewer?type=image&id=250320313
Station9,0.0,0.0,2025-09-15 10:53:30,None,0,https://traptagger.co.uk/imageViewer?type=image&id=250320263
Station9,0.0,0.0,2025-09-15 10:53:31,None,0,https://traptagger.co.uk/imageViewer?type=image&id=250320285
Station9,0.0,0.0,2025-09-17 08:19:23,None,0,https://traptagger.co.uk/imageViewer?type=image&id=250320280
Station9,0.0,0.0,2025-09-17 08:19:23,None,0,https://traptagger.co.uk/imageViewer?type=image&id=250320292
Station9,0.0,0.0,2025-09-17 08:19:24,None,0,https://traptagger.co.uk/imageViewer?type=image&id=250320270
