DateBag,Site,ID,Week,Station,TreatmentNr,DateSorting,SorterID,SpeciesTreatmentNr,Species,NbSeedStart,SeedsCount,DamagedSeedsCount,SignsPredation,Notes,SeedDebrisWeight
2025-09-11,BEA,EP,2,3,1,2025-11-17,CT,5,Abies alba,25,25,0,NA,NA,NA
2025-09-11,BEA,EP,2,3,1,2025-11-17,CT,5,Picea abies,120,120,0,NA,NA,NA
2025-09-11,BEA,EP,2,5,2,2025-11-17,CT,5,Abies alba,25,25,0,NA,NA,NA
2025-09-11,BEA,EP,2,5,2,2025-11-17,CT,5,Picea abies,120,119,0,NA,NA,NA
2025-09-11,BEA,EP,2,4,1,2025-11-17,CT,5,Abies alba,25,25,0,NA,NA,NA
2025-09-11,BEA,EP,2,4,1,2025-11-17,CT,5,Picea abies,120,120,0,NA,NA,NA
2025-09-11,BEA,EP,2,1,1,2025-11-17,CT,5,Abies alba,25,25,0,NA,NA,NA
2025-09-11,BEA,EP,2,1,1,2025-11-17,CT,5,Picea abies,120,120,0,NA,NA,NA
2025-09-11,BEA,EP,2,2,1,2025-11-17,CT,5,Abies alba,25,25,0,NA,NA,NA
2025-09-11,BEA,EP,2,2,1,2025-11-17,CT,5,Picea abies,120,122,0,NA,human error,NA
2025-09-10,VOR,EP,2,3,2,2025-11-17,CT,1,Abies alba,25,25,0,NA,NA,NA
2025-09-10,VOR,EP,2,3,2,2025-11-17,CT,1,Fagus sylvatica,5,5,0,NA,NA,NA
2025-09-10,VOR,EP,2,3,2,2025-11-17,CT,1,Picea abies,120,120,0,NA,NA,NA
2025-09-10,VOR,EP,2,7,2,2025-11-17,CT,1,Abies alba,25,25,0,NA,bag riped,NA
2025-09-10,VOR,EP,2,7,2,2025-11-17,CT,1,Fagus sylvatica,5,5,0,NA,bag riped,NA
2025-09-10,VOR,EP,2,7,2,2025-11-17,CT,1,Picea abies,120,120,0,NA,bag riped,NA
2025-09-10,VOR,EP,2,2,2,2025-11-17,CT,1,Abies alba,25,25,0,NA,NA,NA
2025-09-10,VOR,EP,2,2,2,2025-11-17,CT,1,Fagus sylvatica,5,5,0,NA,NA,NA
2025-09-10,VOR,EP,2,2,2,2025-11-17,CT,1,Picea abies,120,120,1,Hole,NA,NA
2025-09-10,VOR,EP,2,9,2,2025-11-17,CT,1,Abies alba,25,25,2,Hole and Crack,bag riped,NA
2025-09-10,VOR,EP,2,9,2,2025-11-17,CT,1,Fagus sylvatica,5,5,2,Hole,bag riped,NA
2025-09-10,VOR,EP,2,9,2,2025-11-17,CT,1,Picea abies,120,118,0,NA,"bag riped, 20 seeds with cracked coats",NA
2025-09-10,VOR,EP,2,1,2,2025-11-17,CT,1,Abies alba,25,25,0,NA,NA,NA
2025-09-10,VOR,EP,2,1,2,2025-11-17,CT,1,Fagus sylvatica,5,5,0,NA,NA,NA
2025-09-10,VOR,EP,2,1,2,2025-11-17,CT,1,Picea abies,120,120,0,NA,21 seeds with cracked coats,NA
2025-09-10,VOR,EP,2,6,2,2025-11-17,CT,1,Abies alba,25,25,0,NA,NA,NA
2025-09-10,VOR,EP,2,6,2,2025-11-17,CT,1,Fagus sylvatica,5,5,0,NA,NA,NA
2025-09-10,VOR,EP,2,6,2,2025-11-17,CT,1,Picea abies,120,119,0,NA,19 seeds with cracked coats,NA
2025-09-11,BEA,EP,2,5,1,2025-11-17,CT,5,Abies alba,25,25,0,NA,NA,NA
2025-09-11,BEA,EP,2,5,1,2025-11-17,CT,5,Picea abies,120,120,0,NA,NA,NA
2025-09-10,VOR,EP,2,4,2,2025-11-17,CT,1,Abies alba,25,25,0,NA,"one dung beetle, riped bag",NA
2025-09-10,VOR,EP,2,4,2,2025-11-17,CT,1,Fagus sylvatica,5,5,0,NA,"one dung beetle, riped bag",NA
2025-09-10,VOR,EP,2,4,2,2025-11-17,CT,1,Picea abies,120,120,0,NA,"one dung beetle, riped bag, 21 seeds with cracked coats",NA
2025-09-10,VOR,EP,2,8,2,2025-11-18,CT,1,Abies alba,25,25,0,NA,NA,NA
2025-09-10,VOR,EP,2,8,2,2025-11-18,CT,1,Fagus sylvatica,5,5,0,NA,NA,NA
2025-09-10,VOR,EP,2,8,2,2025-11-18,CT,1,Picea abies,120,120,0,NA,32 seeds with cracked coats,NA
2025-09-10,VOR,EP,2,10,2,2025-11-18,CT,1,Abies alba,25,25,0,NA,NA,NA
2025-09-10,VOR,EP,2,10,2,2025-11-18,CT,1,Fagus sylvatica,5,5,0,NA,NA,NA
2025-09-10,VOR,EP,2,10,2,2025-11-18,CT,1,Picea abies,120,121,0,NA,32 seeds with cracked coats,NA
2025-09-10,VOR,EP,2,5,2,2025-11-18,CT,1,Abies alba,25,25,0,NA,NA,NA
2025-09-10,VOR,EP,2,5,2,2025-11-18,CT,1,Fagus sylvatica,5,5,0,NA,NA,NA
2025-09-10,VOR,EP,2,5,2,2025-11-18,CT,1,Picea abies,120,120,0,NA,26 seeds with cracked coats,NA
2025-08-14,WAL,EP,2,8,2,2025-11-18,CT,1,Abies alba,25,25,0,NA,NA,NA
2025-08-14,WAL,EP,2,8,2,2025-11-18,CT,1,Fagus sylvatica,5,5,0,NA,NA,NA
2025-08-14,WAL,EP,2,8,2,2025-11-18,CT,1,Picea abies,120,120,0,NA,NA,NA
2025-08-14,WAL,EP,2,10,2,2025-11-18,CT,1,Abies alba,25,0,0,NA,human error,NA
2025-08-14,WAL,EP,2,10,2,2025-11-18,CT,1,Fagus sylvatica,5,5,1,Hole,NA,NA
2025-08-14,WAL,EP,2,10,2,2025-11-18,CT,1,Picea abies,120,120,0,NA,NA,NA
2025-08-14,WAL,EP,2,7,2,2025-11-18,CT,1,Abies alba,25,0,0,NA,human error?,NA
2025-08-14,WAL,EP,2,7,2,2025-11-18,CT,1,Fagus sylvatica,5,5,0,NA,NA,NA
2025-08-14,WAL,EP,2,7,2,2025-11-18,CT,1,Picea abies,120,120,0,NA,NA,NA
2025-08-14,WAL,EP,2,6,2,2025-11-18,CT,1,Abies alba,25,25,0,NA,NA,NA
2025-08-14,WAL,EP,2,6,2,2025-11-18,CT,1,Fagus sylvatica,5,5,0,NA,NA,NA
2025-08-14,WAL,EP,2,6,2,2025-11-18,CT,1,Picea abies,120,120,0,NA,NA,NA
2025-08-14,WAL,EP,2,9,2,2025-11-18,CT,1,Abies alba,25,25,0,NA,NA,NA
2025-08-14,WAL,EP,2,9,2,2025-11-18,CT,1,Fagus sylvatica,5,5,0,NA,NA,NA
2025-08-14,WAL,EP,2,9,2,2025-11-18,CT,1,Picea abies,120,120,0,NA,NA,NA
2025-09-17,VOR,EP,3,10,2,2025-11-24,CT,1,Abies alba,25,25,0,NA,NA,NA
2025-09-17,VOR,EP,3,10,2,2025-11-24,CT,1,Fagus sylvatica,5,5,0,NA,NA,NA
2025-09-17,VOR,EP,3,10,2,2025-11-24,CT,1,Picea abies,120,120,0,NA,NA,NA
2025-09-17,VOR,EP,3,9,2,2025-11-24,CT,1,Abies alba,25,25,0,NA,NA,NA
2025-09-17,VOR,EP,3,9,2,2025-11-24,CT,1,Fagus sylvatica,5,5,0,NA,NA,NA
2025-09-17,VOR,EP,3,9,2,2025-11-24,CT,1,Picea abies,120,120,0,NA,NA,NA
2025-09-17,VOR,EP,3,7,2,2025-11-24,CT,1,Abies alba,25,25,0,NA,NA,NA
2025-09-17,VOR,EP,3,7,2,2025-11-24,CT,1,Fagus sylvatica,5,5,0,NA,NA,NA
2025-09-17,VOR,EP,3,7,2,2025-11-24,CT,1,Picea abies,120,120,0,NA,NA,NA
2025-09-17,VOR,EP,3,8,2,2025-11-24,CT,1,Abies alba,25,25,0,NA,NA,NA
2025-09-17,VOR,EP,3,8,2,2025-11-24,CT,1,Fagus sylvatica,5,5,0,NA,NA,NA
2025-09-17,VOR,EP,3,8,2,2025-11-24,CT,1,Picea abies,120,119,0,NA,NA,NA
2025-09-11,BEA,EP,2,4,2,2025-11-24,CT,5,Abies alba,25,25,0,NA,bag riped,NA
2025-09-11,BEA,EP,2,4,2,2025-11-24,CT,5,Picea abies,120,118,0,NA,bag riped,NA
2025-09-11,BEA,EP,2,3,2,2025-11-24,CT,5,Abies alba,25,25,0,NA,NA,NA
2025-09-11,BEA,EP,2,3,2,2025-11-24,CT,5,Picea abies,120,120,0,NA,NA,NA
2025-09-11,BEA,EP,2,6,2,2025-11-24,CT,5,Abies alba,25,25,0,NA,NA,NA
2025-09-11,BEA,EP,2,6,2,2025-11-24,CT,5,Picea abies,120,119,0,NA,NA,NA
2025-09-11,BEA,EP,2,10,2,2025-11-24,CT,5,Abies alba,25,24,0,NA,NA,NA
2025-09-11,BEA,EP,2,10,2,2025-11-24,CT,5,Picea abies,120,119,0,NA,NA,NA
2025-09-11,BEA,EP,2,2,2,2025-11-24,CT,5,Abies alba,25,25,0,NA,NA,NA
2025-09-11,BEA,EP,2,2,2,2025-11-24,CT,5,Picea abies,120,118,0,NA,NA,NA
2025-09-11,BEA,EP,2,8,2,2025-11-24,CT,5,Abies alba,25,25,0,NA,NA,NA
2025-09-11,BEA,EP,2,8,2,2025-11-24,CT,5,Picea abies,120,120,0,NA,NA,NA
2025-09-11,BEA,EP,2,9,2,2025-11-24,CT,5,Abies alba,25,25,0,NA,NA,NA
2025-09-11,BEA,EP,2,9,2,2025-11-24,CT,5,Picea abies,120,119,0,NA,NA,NA
2025-09-11,BEA,EP,2,7,2,2025-11-24,CT,5,Abies alba,25,25,0,NA,NA,NA
2025-09-11,BEA,EP,2,7,2,2025-11-24,CT,5,Picea abies,120,120,0,NA,NA,NA
2025-09-11,BEA,EP,2,1,2,2025-11-24,CT,5,Abies alba,25,25,0,NA,NA,NA
2025-09-11,BEA,EP,2,1,2,2025-11-24,CT,5,Picea abies,120,120,0,NA,NA,NA
2025-09-17,VOR,EP,3,5,1,2025-10-21,CT,1,Abies alba,25,25,0,NA,Insects in sample,NA
2025-09-17,VOR,EP,3,5,1,2025-10-21,CT,1,Fagus sylvatica,5,5,0,NA,Insects in sample,NA
2025-09-17,VOR,EP,3,5,1,2025-10-21,CT,1,Picea abies,120,120,0,NA,Insects in sample,NA
2025-09-17,VOR,EP,3,10,1,2025-10-21,CT,1,Abies alba,25,25,0,NA,NA,NA
2025-09-17,VOR,EP,3,10,1,2025-10-21,CT,1,Fagus sylvatica,5,5,0,NA,NA,NA
2025-09-17,VOR,EP,3,10,1,2025-10-21,CT,1,Picea abies,120,117,0,NA,human error,NA
2025-09-17,VOR,EP,3,6,1,2025-10-21,CT,1,Abies alba,25,25,0,NA,NA,NA
2025-09-17,VOR,EP,3,6,1,2025-10-21,CT,1,Fagus sylvatica,5,5,0,NA,NA,NA
2025-09-17,VOR,EP,3,6,1,2025-10-21,CT,1,Picea abies,120,120,0,NA,NA,NA
2025-09-17,VOR,EP,3,4,1,2025-10-21,CT,1,Abies alba,25,25,0,NA,NA,NA
2025-09-17,VOR,EP,3,4,1,2025-10-21,CT,1,Fagus sylvatica,5,5,0,NA,NA,NA
2025-09-17,VOR,EP,3,4,1,2025-10-21,CT,1,Picea abies,120,120,0,NA,NA,NA
2025-09-17,VOR,EP,3,3,1,2025-10-21,CT,1,Abies alba,25,24,0,NA,NA,NA
2025-09-17,VOR,EP,3,3,1,2025-10-21,CT,1,Fagus sylvatica,5,5,0,NA,NA,NA
2025-09-17,VOR,EP,3,3,1,2025-10-21,CT,1,Picea abies,120,119,0,NA,"26 cracked coats, 26 sprouted seeds (picture in lab journal CT)",NA
2025-09-17,VOR,EP,3,7,1,2025-10-27,CT,1,Abies alba,25,25,0,NA,NA,NA
2025-09-17,VOR,EP,3,7,1,2025-10-27,CT,1,Fagus sylvatica,5,5,0,NA,NA,NA
2025-09-17,VOR,EP,3,7,1,2025-10-27,CT,1,Picea abies,120,117,0,NA,human error,NA
2025-09-17,VOR,EP,3,8,1,2025-10-27,CT,1,Abies alba,25,25,0,NA,NA,NA
2025-09-17,VOR,EP,3,8,1,2025-10-27,CT,1,Fagus sylvatica,5,5,0,NA,NA,NA
2025-09-17,VOR,EP,3,8,1,2025-10-27,CT,1,Picea abies,120,120,0,NA,NA,NA
2025-09-17,VOR,EP,3,2,1,2025-10-27,CT,1,Abies alba,25,25,0,NA,NA,NA
2025-09-17,VOR,EP,3,2,1,2025-10-27,CT,1,Fagus sylvatica,5,5,0,NA,NA,NA
2025-09-17,VOR,EP,3,2,1,2025-10-27,CT,1,Picea abies,120,119,0,NA,human error,NA
2025-09-17,VOR,EP,3,1,1,2025-10-27,CT,1,Abies alba,25,25,1,Hole,NA,NA
2025-09-17,VOR,EP,3,1,1,2025-10-27,CT,1,Fagus sylvatica,5,5,0,NA,NA,NA
2025-09-17,VOR,EP,3,1,1,2025-10-27,CT,1,Picea abies,120,119,1,Hole,5 cracked coats,NA
2025-09-17,VOR,EP,3,9,1,2025-10-27,CT,1,Abies alba,25,24,0,NA,NA,NA
2025-09-17,VOR,EP,3,9,1,2025-10-27,CT,1,Fagus sylvatica,5,5,0,NA,NA,NA
2025-09-17,VOR,EP,3,9,1,2025-10-27,CT,1,Picea abies,120,117,0,NA,NA,NA
2025-09-17,BET,EP,3,10,1,2025-10-27,CT,1,Abies alba,25,25,0,NA,NA,NA
2025-09-17,BET,EP,3,10,1,2025-10-27,CT,1,Fagus sylvatica,5,5,0,NA,NA,NA
2025-09-17,BET,EP,3,10,1,2025-10-27,CT,1,Picea abies,120,120,0,NA,NA,NA
2025-09-17,BET,EP,3,8,1,2025-10-27,CT,1,Abies alba,25,25,0,NA,NA,NA
2025-09-17,BET,EP,3,8,1,2025-10-27,CT,1,Fagus sylvatica,5,5,0,NA,NA,NA
2025-09-17,BET,EP,3,8,1,2025-10-27,CT,1,Picea abies,120,120,0,NA,NA,NA
2025-09-17,BET,EP,3,2,1,2025-10-27,CT,1,Abies alba,25,25,1,Crack,NA,NA
2025-09-17,BET,EP,3,2,1,2025-10-27,CT,1,Fagus sylvatica,5,5,0,NA,NA,NA
2025-09-17,BET,EP,3,2,1,2025-10-27,CT,1,Picea abies,120,120,1,Hole,NA,NA
2025-09-17,BET,EP,3,3,1,2025-10-27,CT,1,Abies alba,25,25,1,Crack,NA,NA
2025-09-17,BET,EP,3,3,1,2025-10-27,CT,1,Fagus sylvatica,5,5,0,NA,NA,NA
2025-09-17,BET,EP,3,3,1,2025-10-27,CT,1,Picea abies,120,120,0,NA,NA,NA
2025-09-17,BET,EP,3,7,1,2025-10-27,CT,1,Abies alba,25,25,0,NA,NA,NA
2025-09-17,BET,EP,3,7,1,2025-10-27,CT,1,Fagus sylvatica,5,5,0,NA,NA,NA
2025-09-17,BET,EP,3,7,1,2025-10-27,CT,1,Picea abies,120,118,0,NA,NA,NA
2025-09-17,BET,EP,3,1,1,2025-10-28,CT,1,Abies alba,25,25,1,Hole,NA,NA
2025-09-17,BET,EP,3,1,1,2025-10-28,CT,1,Fagus sylvatica,5,5,0,NA,NA,NA
2025-09-17,BET,EP,3,1,1,2025-10-28,CT,1,Picea abies,120,120,0,NA,NA,NA
2025-09-17,BET,EP,3,9,1,2025-10-28,CT,1,Abies alba,25,25,0,NA,NA,NA
2025-09-17,BET,EP,3,9,1,2025-10-28,CT,1,Fagus sylvatica,5,5,0,NA,NA,NA
2025-09-17,BET,EP,3,9,1,2025-10-28,CT,1,Picea abies,120,120,0,NA,NA,NA
2025-09-17,BET,EP,3,4,1,2025-10-28,CT,1,Abies alba,25,25,1,Hole,NA,NA
2025-09-17,BET,EP,3,4,1,2025-10-28,CT,1,Fagus sylvatica,5,5,0,NA,1 seed with a cracked coat,NA
2025-09-17,BET,EP,3,4,1,2025-10-28,CT,1,Picea abies,120,120,0,NA,NA,NA
2025-09-17,BET,EP,3,6,1,2025-10-28,CT,1,Abies alba,25,25,0,NA,NA,NA
2025-09-17,BET,EP,3,6,1,2025-10-28,CT,1,Fagus sylvatica,5,5,0,NA,NA,NA
2025-09-17,BET,EP,3,6,1,2025-10-28,CT,1,Picea abies,120,120,0,NA,NA,NA
2025-09-17,BET,EP,3,5,1,2025-10-28,CT,1,Abies alba,25,25,0,NA,NA,NA
2025-09-17,BET,EP,3,5,1,2025-10-28,CT,1,Fagus sylvatica,5,5,0,NA,NA,NA
2025-09-17,BET,EP,3,5,1,2025-10-28,CT,1,Picea abies,120,118,0,NA,NA,NA
2025-09-03,BET,EP,1,2,1,2025-10-28,CT,1,Abies alba,25,25,0,NA,NA,NA
2025-09-03,BET,EP,1,2,1,2025-10-28,CT,1,Fagus sylvatica,5,5,0,NA,NA,NA
2025-09-03,BET,EP,1,2,1,2025-10-28,CT,1,Picea abies,120,120,1,Hole,NA,NA
2025-09-03,BET,EP,1,10,1,2025-11-04,CT,1,Abies alba,25,25,0,NA,NA,NA
2025-09-03,BET,EP,1,10,1,2025-11-04,CT,1,Fagus sylvatica,5,5,0,NA,NA,NA
2025-09-03,BET,EP,1,10,1,2025-11-04,CT,1,Picea abies,120,120,0,NA,NA,NA
2025-09-03,BET,EP,1,1,1,2025-11-04,CT,1,Abies alba,25,25,0,NA,NA,NA
2025-09-03,BET,EP,1,1,1,2025-11-04,CT,1,Fagus sylvatica,5,5,0,NA,NA,NA
2025-09-03,BET,EP,1,1,1,2025-11-04,CT,1,Picea abies,120,120,0,NA,NA,NA
2025-09-03,BET,EP,1,4,1,2025-11-04,CT,1,Abies alba,25,25,0,NA,NA,NA
2025-09-03,BET,EP,1,4,1,2025-11-04,CT,1,Fagus sylvatica,5,5,0,NA,NA,NA
2025-09-03,BET,EP,1,4,1,2025-11-04,CT,1,Picea abies,120,120,0,NA,NA,NA
2025-09-03,BET,EP,1,5,1,2025-11-04,CT,1,Abies alba,25,25,0,NA,NA,NA
2025-09-03,BET,EP,1,5,1,2025-11-04,CT,1,Fagus sylvatica,5,5,0,NA,NA,NA
2025-09-03,BET,EP,1,5,1,2025-11-04,CT,1,Picea abies,120,119,1,Hole,NA,NA
2025-08-21,WAL,EP,3,10,1,2025-11-04,CT,1,Abies alba,25,24,1,Hole,NA,NA
2025-08-21,WAL,EP,3,10,1,2025-11-04,CT,1,Fagus sylvatica,5,0,0,NA,NA,NA
2025-08-21,WAL,EP,3,10,1,2025-11-04,CT,1,Picea abies,120,65,4,Crack,NA,NA
2025-08-21,WAL,EP,3,7,1,2025-11-04,CT,1,Abies alba,25,24,0,NA,"feces, ants in sample",NA
2025-08-21,WAL,EP,3,7,1,2025-11-04,CT,1,Fagus sylvatica,5,0,0,NA,"feces, ants in sample",NA
2025-08-21,WAL,EP,3,7,1,2025-11-04,CT,1,Picea abies,120,22,1,Crack,"feces, ants in sample",NA
2025-08-21,WAL,EP,3,4,1,2025-11-04,CT,1,Abies alba,25,25,0,NA,NA,NA
2025-08-21,WAL,EP,3,4,1,2025-11-04,CT,1,Fagus sylvatica,5,5,0,NA,NA,NA
2025-08-21,WAL,EP,3,4,1,2025-11-04,CT,1,Picea abies,120,120,0,NA,NA,NA
2025-08-21,WAL,EP,3,1,1,2025-11-05,CT,1,Abies alba,25,25,0,NA,NA,NA
2025-08-21,WAL,EP,3,1,1,2025-11-05,CT,1,Fagus sylvatica,5,5,0,NA,NA,NA
2025-08-21,WAL,EP,3,1,1,2025-11-05,CT,1,Picea abies,120,118,0,NA,"Extra seed from an unidentified species, similar to Picea abies",NA
2025-08-21,WAL,EP,3,9,1,2025-11-05,CT,1,Abies alba,25,19,0,NA,"bag riped, feces and ants present",NA
2025-08-21,WAL,EP,3,9,1,2025-11-05,CT,1,Fagus sylvatica,5,0,0,NA,"bag riped, feces and ants present",NA
2025-08-21,WAL,EP,3,9,1,2025-11-05,CT,1,Picea abies,120,30,8,Hole and Crack,"bag riped, feces and ants present",NA
2025-08-21,WAL,EP,3,5,1,2025-11-05,CT,1,Abies alba,25,23,0,NA,NA,NA
2025-08-21,WAL,EP,3,5,1,2025-11-05,CT,1,Fagus sylvatica,5,5,1,Crack,NA,NA
2025-08-21,WAL,EP,3,5,1,2025-11-05,CT,1,Picea abies,120,117,1,Hole,NA,NA
2025-08-21,WAL,EP,3,8,1,2025-11-05,CT,1,Abies alba,25,23,0,NA,feces present,NA
2025-08-21,WAL,EP,3,8,1,2025-11-05,CT,1,Fagus sylvatica,5,0,0,NA,feces present,NA
2025-08-21,WAL,EP,3,8,1,2025-11-05,CT,1,Picea abies,120,25,7,Crack,feces present,NA
2025-08-21,WAL,EP,3,3,1,2025-11-05,CT,1,Abies alba,25,24,0,NA,NA,NA
2025-08-21,WAL,EP,3,3,1,2025-11-05,CT,1,Fagus sylvatica,5,0,0,NA,NA,NA
2025-08-21,WAL,EP,3,3,1,2025-11-05,CT,1,Picea abies,120,19,0,NA,NA,NA
2025-08-21,WAL,EP,3,6,1,2025-11-05,CT,1,Abies alba,25,25,0,NA,NA,NA
2025-08-21,WAL,EP,3,6,1,2025-11-05,CT,1,Fagus sylvatica,5,5,0,NA,NA,NA
2025-08-21,WAL,EP,3,6,1,2025-11-05,CT,1,Picea abies,120,120,1,Hole,NA,NA
2025-08-21,WAL,EP,3,2,1,2025-11-05,CT,1,Abies alba,25,24,1,Crack,NA,NA
2025-08-21,WAL,EP,3,2,1,2025-11-05,CT,1,Fagus sylvatica,5,0,0,NA,NA,NA
2025-08-21,WAL,EP,3,2,1,2025-11-05,CT,1,Picea abies,120,19,10,Hole and Crack,NA,NA
2025-08-14,NEU,EP,2,1,1,2025-11-05,CT,2,Tilia cordata,35,0,0,NA,feces present,NA
2025-08-14,NEU,EP,2,1,1,2025-11-05,CT,2,Fagus sylvatica,5,0,0,NA,feces present,NA
2025-08-14,NEU,EP,2,1,1,2025-11-05,CT,2,Acer pseudoplatanus,9,5,5,Hole and Crack,feces present,NA
2025-08-14,NEU,EP,2,3,1,2025-11-05,CT,2,Tilia cordata,35,1,0,NA,feces present,NA
2025-08-14,NEU,EP,2,3,1,2025-11-05,CT,2,Fagus sylvatica,5,0,0,NA,feces present,NA
2025-08-14,NEU,EP,2,3,1,2025-11-05,CT,2,Acer pseudoplatanus,9,5,0,NA,feces present,NA
2025-08-14,NEU,EP,2,10,1,2025-11-05,CT,2,Tilia cordata,35,35,0,NA,NA,NA
2025-08-14,NEU,EP,2,10,1,2025-11-05,CT,2,Fagus sylvatica,5,5,0,NA,NA,NA
2025-08-14,NEU,EP,2,10,1,2025-11-05,CT,2,Acer pseudoplatanus,9,9,0,NA,NA,NA
2025-08-14,NEU,EP,2,8,1,2025-11-05,CT,2,Tilia cordata,35,35,1,Crack,NA,NA
2025-08-14,NEU,EP,2,8,1,2025-11-05,CT,2,Fagus sylvatica,5,5,0,NA,NA,NA
2025-08-14,NEU,EP,2,8,1,2025-11-05,CT,2,Acer pseudoplatanus,9,9,0,NA,NA,NA
2025-08-14,NEU,EP,2,7,1,2025-11-05,CT,2,Tilia cordata,35,35,0,NA,NA,NA
2025-08-14,NEU,EP,2,7,1,2025-11-05,CT,2,Fagus sylvatica,5,5,0,NA,NA,NA
2025-08-14,NEU,EP,2,7,1,2025-11-05,CT,2,Acer pseudoplatanus,9,9,1,Hole,NA,NA
2025-08-14,NEU,EP,2,2,1,2025-11-06,CT,2,Tilia cordata,35,10,8,Hole and Crack,feces present,NA
2025-08-14,NEU,EP,2,2,1,2025-11-06,CT,2,Fagus sylvatica,5,0,0,NA,feces present,NA
2025-08-14,NEU,EP,2,2,1,2025-11-06,CT,2,Acer pseudoplatanus,9,7,0,NA,feces present,NA
2025-08-14,NEU,EP,2,4,1,2025-11-06,CT,2,Tilia cordata,35,4,4,Hole,feces present,NA
2025-08-14,NEU,EP,2,4,1,2025-11-06,CT,2,Fagus sylvatica,5,0,0,NA,feces present,NA
2025-08-14,NEU,EP,2,4,1,2025-11-06,CT,2,Acer pseudoplatanus,9,3,1,Crack,feces present,NA
2025-08-14,NEU,EP,2,6,1,2025-11-06,CT,2,Tilia cordata,35,2,1,Hole,extra seed unidentified species,NA
2025-08-14,NEU,EP,2,6,1,2025-11-06,CT,2,Fagus sylvatica,5,0,0,NA,extra seed unidentified species,NA
2025-08-14,NEU,EP,2,6,1,2025-11-06,CT,2,Acer pseudoplatanus,9,4,2,Crack,extra seed unidentified species,NA
2025-08-14,NEU,EP,2,9,1,2025-11-06,CT,2,Tilia cordata,35,35,0,NA,NA,NA
2025-08-14,NEU,EP,2,9,1,2025-11-06,CT,2,Fagus sylvatica,5,5,0,NA,NA,NA
2025-08-14,NEU,EP,2,9,1,2025-11-06,CT,2,Acer pseudoplatanus,9,9,0,NA,NA,NA
2025-08-14,NEU,EP,2,5,1,2025-11-06,CT,2,Tilia cordata,35,5,5,Hole and Crack,NA,NA
2025-08-14,NEU,EP,2,5,1,2025-11-06,CT,2,Fagus sylvatica,5,0,0,NA,NA,NA
2025-08-14,NEU,EP,2,5,1,2025-11-06,CT,2,Acer pseudoplatanus,9,4,0,NA,NA,NA
2025-08-07,WAL,EP,1,10,2,2025-11-03,FL,1,Fagus sylvatica,5,5,0,NA,NA,NA
2025-08-07,WAL,EP,1,10,2,2025-11-03,FL,1,Abies alba,25,25,0,NA,NA,NA
2025-08-07,WAL,EP,1,10,2,2025-11-03,FL,1,Picea abies,120,120,0,NA,NA,NA
2025-08-07,WAL,EP,1,4,2,2025-11-03,FL,1,Fagus sylvatica,5,5,0,NA,5 insects,NA
2025-08-07,WAL,EP,1,4,2,2025-11-03,FL,1,Abies alba,25,25,0,NA,NA,NA
2025-08-07,WAL,EP,1,4,2,2025-11-03,FL,1,Picea abies,120,119,0,NA,NA,NA
2025-08-07,WAL,EP,1,8,2,2025-11-03,FL,1,Fagus sylvatica,5,5,0,NA,1 insect,NA
2025-08-07,WAL,EP,1,8,2,2025-11-03,FL,1,Abies alba,25,25,0,NA,NA,NA
2025-08-07,WAL,EP,1,8,2,2025-11-03,FL,1,Picea abies,120,120,0,NA,NA,NA
2025-08-07,WAL,EP,1,1,2,2025-11-03,FL,1,Fagus sylvatica,5,5,0,NA,NA,NA
2025-08-07,WAL,EP,1,1,2,2025-11-03,FL,1,Abies alba,25,24,0,NA,NA,NA
2025-08-07,WAL,EP,1,1,2,2025-11-03,FL,1,Picea abies,120,119,0,NA,NA,NA
2025-08-07,WAL,EP,1,3,2,2025-11-03,FL,1,Fagus sylvatica,5,5,1,Hole,ant,NA
2025-08-07,WAL,EP,1,3,2,2025-11-03,FL,1,Abies alba,25,25,0,NA,NA,NA
2025-08-07,WAL,EP,1,3,2,2025-11-03,FL,1,Picea abies,120,119,0,NA,NA,NA
2025-08-07,WAL,EP,1,2,2,2025-11-03,FL,1,Fagus sylvatica,5,5,0,NA,NA,NA
2025-08-07,WAL,EP,1,2,2,2025-11-03,FL,1,Abies alba,25,25,0,NA,NA,NA
2025-08-07,WAL,EP,1,2,2,2025-11-03,FL,1,Picea abies,120,120,0,NA,NA,NA
2025-08-07,WAL,EP,1,6,2,2025-11-03,FL,1,Fagus sylvatica,5,5,0,NA,NA,NA
2025-08-07,WAL,EP,1,6,2,2025-11-03,FL,1,Abies alba,25,25,0,NA,NA,NA
2025-08-07,WAL,EP,1,6,2,2025-11-03,FL,1,Picea abies,120,119,0,NA,NA,NA
2025-08-07,WAL,EP,1,7,2,2025-11-03,FL,1,Fagus sylvatica,5,5,0,NA,NA,NA
2025-08-07,WAL,EP,1,7,2,2025-11-03,FL,1,Abies alba,25,25,0,NA,NA,NA
2025-08-07,WAL,EP,1,7,2,2025-11-03,FL,1,Picea abies,120,120,0,NA,NA,NA
2025-08-07,WAL,EP,1,9,2,2025-11-03,FL,1,Fagus sylvatica,5,5,1,Crack,ant,NA
2025-08-07,WAL,EP,1,9,2,2025-11-03,FL,1,Abies alba,25,25,0,NA,NA,NA
2025-08-07,WAL,EP,1,9,2,2025-11-03,FL,1,Picea abies,120,118,0,NA,NA,NA
2025-08-07,WAL,EP,1,5,2,2025-11-03,FL,1,Fagus sylvatica,5,5,0,NA,NA,NA
2025-08-07,WAL,EP,1,5,2,2025-11-03,FL,1,Abies alba,25,25,1,Hole,NA,NA
2025-08-07,WAL,EP,1,5,2,2025-11-03,FL,1,Picea abies,120,120,0,NA,NA,NA
2025-09-03,BET,EP,1,1,2,2025-11-03,FL,1,Fagus sylvatica,5,5,0,NA,NA,NA
2025-09-03,BET,EP,1,1,2,2025-11-03,FL,1,Abies alba,25,25,2,Hole,NA,NA
2025-09-03,BET,EP,1,1,2,2025-11-03,FL,1,Picea abies,120,117,0,NA,NA,NA
2025-09-03,BET,EP,1,2,2,2025-11-03,FL,1,Fagus sylvatica,5,5,0,NA,NA,NA
2025-09-03,BET,EP,1,2,2,2025-11-03,FL,1,Abies alba,25,25,1,Hole,NA,NA
2025-09-03,BET,EP,1,2,2,2025-11-03,FL,1,Picea abies,120,120,0,NA,NA,NA
2025-09-03,BET,EP,1,3,2,2025-11-03,FL,1,Fagus sylvatica,5,5,0,NA,NA,NA
2025-09-03,BET,EP,1,3,2,2025-11-03,FL,1,Abies alba,25,25,0,NA,NA,NA
2025-09-03,BET,EP,1,3,2,2025-11-03,FL,1,Picea abies,120,119,0,NA,NA,NA
2025-09-03,BET,EP,1,4,2,2025-11-03,FL,1,Fagus sylvatica,5,5,0,NA,NA,NA
2025-09-03,BET,EP,1,4,2,2025-11-03,FL,1,Abies alba,25,25,0,NA,NA,NA
2025-09-03,BET,EP,1,4,2,2025-11-03,FL,1,Picea abies,120,120,0,NA,NA,NA
2025-09-03,BET,EP,1,5,2,2025-11-03,FL,1,Fagus sylvatica,5,5,0,NA,NA,NA
2025-09-03,BET,EP,1,5,2,2025-11-03,FL,1,Abies alba,25,25,1,Hole,NA,NA
2025-09-03,BET,EP,1,5,2,2025-11-03,FL,1,Picea abies,120,120,0,NA,NA,NA
2025-09-03,BET,EP,1,6,2,2025-11-04,FL,1,Fagus sylvatica,5,5,0,NA,NA,NA
2025-09-03,BET,EP,1,6,2,2025-11-04,FL,1,Abies alba,25,25,0,NA,NA,NA
2025-09-03,BET,EP,1,6,2,2025-11-04,FL,1,Picea abies,120,119,0,NA,NA,NA
2025-09-03,BET,EP,1,7,2,2025-11-04,FL,1,Fagus sylvatica,5,5,0,NA,NA,NA
2025-09-03,BET,EP,1,7,2,2025-11-04,FL,1,Abies alba,25,25,0,NA,NA,NA
2025-09-03,BET,EP,1,7,2,2025-11-04,FL,1,Picea abies,120,120,1,Hole,NA,NA
2025-09-03,BET,EP,1,8,2,2025-11-04,FL,1,Fagus sylvatica,5,5,0,NA,NA,NA
2025-09-03,BET,EP,1,8,2,2025-11-04,FL,1,Abies alba,25,25,0,NA,NA,NA
2025-09-03,BET,EP,1,8,2,2025-11-04,FL,1,Picea abies,120,120,0,NA,NA,NA
2025-09-03,BET,EP,1,9,2,2025-11-04,FL,1,Fagus sylvatica,5,5,0,NA,NA,NA
2025-09-03,BET,EP,1,9,2,2025-11-04,FL,1,Abies alba,25,25,1,Hole,ant,NA
2025-09-03,BET,EP,1,9,2,2025-11-04,FL,1,Picea abies,120,120,1,Hole,ant,NA
2025-09-03,BET,EP,1,10,2,2025-11-04,FL,1,Fagus sylvatica,5,5,0,NA,NA,NA
2025-09-03,BET,EP,1,10,2,2025-11-04,FL,1,Abies alba,25,25,1,Hole,NA,NA
2025-09-03,BET,EP,1,10,2,2025-11-04,FL,1,Picea abies,120,120,0,NA,NA,NA
2025-09-17,BET,EP,3,10,2,2025-10-28,FL,1,Fagus sylvatica,5,5,0,NA,NA,NA
2025-09-17,BET,EP,3,10,2,2025-10-28,FL,1,Abies alba,25,25,0,NA,NA,NA
2025-09-17,BET,EP,3,10,2,2025-10-28,FL,1,Picea abies,120,119,0,NA,NA,NA
2025-09-17,BET,EP,3,9,2,2025-10-28,FL,1,Fagus sylvatica,5,4,0,NA,NA,NA
2025-09-17,BET,EP,3,9,2,2025-10-28,FL,1,Abies alba,25,25,1,Hole,ant,NA
2025-09-17,BET,EP,3,9,2,2025-10-28,FL,1,Picea abies,120,120,1,Hole,ant,NA
2025-09-17,BET,EP,3,7,2,2025-10-28,FL,1,Fagus sylvatica,5,5,0,NA,NA,NA
2025-09-17,BET,EP,3,7,2,2025-10-28,FL,1,Abies alba,25,25,1,Hole,NA,NA
2025-09-17,BET,EP,3,7,2,2025-10-28,FL,1,Picea abies,120,120,0,NA,NA,NA
2025-09-17,BET,EP,3,8,2,2025-10-28,FL,1,Fagus sylvatica,5,5,0,NA,NA,NA
2025-09-17,BET,EP,3,8,2,2025-10-28,FL,1,Abies alba,25,25,0,NA,NA,NA
2025-09-17,BET,EP,3,8,2,2025-10-28,FL,1,Picea abies,120,118,0,NA,NA,NA
2025-09-17,BET,EP,3,6,2,2025-10-29,FL,1,Fagus sylvatica,5,5,0,NA,NA,NA
2025-09-17,BET,EP,3,6,2,2025-10-29,FL,1,Abies alba,25,25,0,NA,NA,NA
2025-09-17,BET,EP,3,6,2,2025-10-29,FL,1,Picea abies,120,118,1,Hole,2 little snails,NA
2025-09-17,BET,EP,3,4,2,2025-10-29,FL,1,Fagus sylvatica,5,5,0,NA,NA,NA
2025-09-17,BET,EP,3,4,2,2025-10-29,FL,1,Abies alba,25,25,1,Hole,NA,NA
2025-09-17,BET,EP,3,4,2,2025-10-29,FL,1,Picea abies,120,120,0,NA,NA,NA
2025-09-17,BET,EP,3,5,2,2025-10-29,FL,1,Fagus sylvatica,5,5,0,NA,NA,NA
2025-09-17,BET,EP,3,5,2,2025-10-29,FL,1,Abies alba,25,25,0,NA,NA,NA
2025-09-17,BET,EP,3,5,2,2025-10-29,FL,1,Picea abies,120,120,1,Hole,NA,NA
2025-09-17,BET,EP,3,3,2,2025-10-29,FL,1,Fagus sylvatica,5,5,0,NA,NA,NA
2025-09-17,BET,EP,3,3,2,2025-10-29,FL,1,Abies alba,25,25,0,NA,NA,NA
2025-09-17,BET,EP,3,3,2,2025-10-29,FL,1,Picea abies,120,120,0,NA,NA,NA
2025-09-17,BET,EP,3,2,2,2025-10-29,FL,1,Fagus sylvatica,5,5,0,NA,NA,NA
2025-09-17,BET,EP,3,2,2,2025-10-29,FL,1,Abies alba,25,25,0,NA,NA,NA
2025-09-17,BET,EP,3,2,2,2025-10-29,FL,1,Picea abies,120,120,0,NA,NA,NA
2025-09-17,BET,EP,3,1,2,2025-10-29,FL,1,Fagus sylvatica,5,5,0,NA,NA,NA
2025-09-17,BET,EP,3,1,2,2025-10-29,FL,1,Abies alba,25,25,4,Hole and Crack,NA,NA
2025-09-17,BET,EP,3,1,2,2025-10-29,FL,1,Picea abies,120,120,0,NA,NA,NA
2025-09-04,BEA,EP,1,1,2,2025-10-29,FL,5,Abies alba,25,25,0,NA,NA,NA
2025-09-04,BEA,EP,1,1,2,2025-10-29,FL,5,Picea abies,120,118,0,NA,NA,NA
2025-09-04,BEA,EP,1,2,2,2025-10-29,FL,5,Abies alba,25,25,0,NA,NA,NA
2025-09-04,BEA,EP,1,2,2,2025-10-29,FL,5,Picea abies,120,120,0,NA,NA,NA
2025-09-04,BEA,EP,1,3,2,2025-10-29,FL,5,Abies alba,25,25,0,NA,NA,NA
2025-09-04,BEA,EP,1,3,2,2025-10-29,FL,5,Picea abies,120,120,0,NA,NA,NA
2025-09-04,BEA,EP,1,4,2,2025-10-29,FL,5,Abies alba,25,25,1,Hole,NA,NA
2025-09-04,BEA,EP,1,4,2,2025-10-29,FL,5,Picea abies,120,120,0,NA,NA,NA
2025-09-04,BEA,EP,1,5,2,2025-10-29,FL,5,Abies alba,25,25,0,NA,NA,NA
2025-09-04,BEA,EP,1,5,2,2025-10-29,FL,5,Picea abies,120,120,0,NA,NA,NA
2025-09-04,BEA,EP,1,6,2,2025-10-29,FL,5,Abies alba,25,25,0,NA,NA,NA
2025-09-04,BEA,EP,1,6,2,2025-10-29,FL,5,Picea abies,120,120,0,NA,NA,NA
2025-09-04,BEA,EP,1,7,2,2025-10-29,FL,5,Abies alba,25,25,0,NA,NA,NA
2025-09-04,BEA,EP,1,7,2,2025-10-29,FL,5,Picea abies,120,120,0,NA,NA,NA
2025-09-04,BEA,EP,1,8,2,2025-10-29,FL,5,Abies alba,25,25,1,Hole,NA,NA
2025-09-04,BEA,EP,1,8,2,2025-10-29,FL,5,Picea abies,120,120,0,NA,NA,NA
2025-09-04,BEA,EP,1,9,2,2025-10-29,FL,5,Abies alba,25,25,1,Hole,NA,NA
2025-09-04,BEA,EP,1,9,2,2025-10-29,FL,5,Picea abies,120,120,0,NA,NA,NA
2025-09-04,BEA,EP,1,10,2,2025-10-29,FL,5,Abies alba,25,25,0,NA,NA,NA
2025-09-04,BEA,EP,1,10,2,2025-10-29,FL,5,Picea abies,120,120,0,NA,NA,NA
2025-08-21,NEU,EP,3,7,2,2025-10-29,FL,2,Fagus sylvatica,5,5,0,NA,NA,NA
2025-08-21,NEU,EP,3,7,2,2025-10-29,FL,2,Tilia cordata,35,35,1,Crack,NA,NA
2025-08-21,NEU,EP,3,7,2,2025-10-29,FL,2,Acer pseudoplatanus,9,9,0,NA,NA,NA
2025-08-21,NEU,EP,3,5,2,2025-10-29,FL,2,Fagus sylvatica,5,5,0,NA,NA,NA
2025-08-21,NEU,EP,3,5,2,2025-10-29,FL,2,Tilia cordata,35,34,3,Crack,NA,NA
2025-08-21,NEU,EP,3,5,2,2025-10-29,FL,2,Acer pseudoplatanus,9,9,0,NA,NA,NA
2025-08-21,NEU,EP,3,6,2,2025-10-29,FL,2,Fagus sylvatica,5,5,0,NA,NA,NA
2025-08-21,NEU,EP,3,6,2,2025-10-29,FL,2,Tilia cordata,35,35,0,NA,NA,NA
2025-08-21,NEU,EP,3,6,2,2025-10-29,FL,2,Acer pseudoplatanus,9,9,0,NA,NA,NA
2025-08-21,NEU,EP,3,8,2,2025-10-29,FL,2,Fagus sylvatica,5,5,0,NA,NA,NA
2025-08-21,NEU,EP,3,8,2,2025-10-29,FL,2,Tilia cordata,35,35,2,Hole and Crack,NA,NA
2025-08-21,NEU,EP,3,8,2,2025-10-29,FL,2,Acer pseudoplatanus,9,9,0,NA,NA,NA
2025-08-21,NEU,EP,3,1,2,2025-10-29,FL,2,Fagus sylvatica,5,5,0,NA,NA,NA
2025-08-21,NEU,EP,3,1,2,2025-10-29,FL,2,Tilia cordata,35,35,2,Crack,NA,NA
2025-08-21,NEU,EP,3,1,2,2025-10-29,FL,2,Acer pseudoplatanus,9,9,0,NA,NA,NA
2025-08-21,NEU,EP,3,3,2,2025-11-03,FL,2,Fagus sylvatica,5,5,0,NA,NA,NA
2025-08-21,NEU,EP,3,3,2,2025-11-03,FL,2,Tilia cordata,35,35,1,Crack,NA,NA
2025-08-21,NEU,EP,3,3,2,2025-11-03,FL,2,Acer pseudoplatanus,9,10,1,Hole,NA,NA
2025-08-21,NEU,EP,3,4,2,2025-11-03,FL,2,Fagus sylvatica,5,5,0,NA,NA,NA
2025-08-21,NEU,EP,3,4,2,2025-11-03,FL,2,Tilia cordata,35,35,0,NA,NA,NA
2025-08-21,NEU,EP,3,4,2,2025-11-03,FL,2,Acer pseudoplatanus,9,9,0,NA,NA,NA
2025-08-21,NEU,EP,3,9,2,2025-11-03,FL,2,Fagus sylvatica,5,5,0,NA,NA,NA
2025-08-21,NEU,EP,3,9,2,2025-11-03,FL,2,Tilia cordata,35,35,4,Crack,NA,NA
2025-08-21,NEU,EP,3,9,2,2025-11-03,FL,2,Acer pseudoplatanus,9,9,0,NA,NA,NA
2025-08-21,NEU,EP,3,2,2,2025-11-03,FL,2,Fagus sylvatica,5,5,0,NA,NA,NA
2025-08-21,NEU,EP,3,2,2,2025-11-03,FL,2,Tilia cordata,35,35,0,NA,NA,NA
2025-08-21,NEU,EP,3,2,2,2025-11-03,FL,2,Acer pseudoplatanus,9,9,0,NA,NA,NA
2025-08-21,NEU,EP,3,10,2,2025-11-03,FL,2,Fagus sylvatica,5,5,0,NA,NA,NA
2025-08-21,NEU,EP,3,10,2,2025-11-03,FL,2,Tilia cordata,35,35,0,NA,NA,NA
2025-08-21,NEU,EP,3,10,2,2025-11-03,FL,2,Acer pseudoplatanus,9,9,0,NA,NA,NA
2025-09-18,BEA,EP,3,10,2,2025-11-04,FL,5,Abies alba,25,24,0,NA,NA,NA
2025-09-18,BEA,EP,3,10,2,2025-11-04,FL,5,Picea abies,120,120,0,NA,NA,NA
2025-09-18,BEA,EP,3,9,2,2025-11-04,FL,5,Abies alba,25,25,0,NA,NA,NA
2025-09-18,BEA,EP,3,9,2,2025-11-04,FL,5,Picea abies,120,120,0,NA,NA,NA
2025-09-18,BEA,EP,3,8,2,2025-11-04,FL,5,Abies alba,25,25,0,NA,NA,NA
2025-09-18,BEA,EP,3,8,2,2025-11-04,FL,5,Picea abies,120,120,0,NA,NA,NA
2025-09-18,BEA,EP,3,7,2,2025-11-04,FL,5,Abies alba,25,25,0,NA,NA,NA
2025-09-18,BEA,EP,3,7,2,2025-11-04,FL,5,Picea abies,120,119,0,NA,NA,NA
2025-09-18,BEA,EP,3,6,2,2025-11-04,FL,5,Abies alba,25,25,0,NA,NA,NA
2025-09-18,BEA,EP,3,6,2,2025-11-04,FL,5,Picea abies,120,119,0,NA,most had sprouted,NA
2025-09-18,BEA,EP,3,5,2,2025-11-04,FL,5,Abies alba,25,25,2,Hole,NA,NA
2025-09-18,BEA,EP,3,5,2,2025-11-04,FL,5,Picea abies,120,120,0,NA,most had sprouted,NA
2025-09-18,BEA,EP,3,4,2,2025-11-04,FL,5,Abies alba,25,25,0,NA,NA,NA
2025-09-18,BEA,EP,3,4,2,2025-11-04,FL,5,Picea abies,120,120,0,NA,NA,NA
2025-09-18,BEA,EP,3,3,2,2025-11-04,FL,5,Abies alba,25,25,0,NA,NA,NA
2025-09-18,BEA,EP,3,3,2,2025-11-04,FL,5,Picea abies,120,120,0,NA,ant,NA
2025-09-18,BEA,EP,3,2,2,2025-11-04,FL,5,Abies alba,25,25,1,Hole,NA,NA
2025-09-18,BEA,EP,3,2,2,2025-11-04,FL,5,Picea abies,120,120,0,NA,most had sprouted,NA
2025-09-18,BEA,EP,3,1,2,2025-11-04,FL,5,Abies alba,25,25,0,NA,NA,NA
2025-09-18,BEA,EP,3,1,2,2025-11-04,FL,5,Picea abies,120,119,0,NA,NA,NA
2025-09-10,VOR,EP,2,1,1,2025-11-11,FL,1,Fagus sylvatica,5,5,0,NA,NA,NA
2025-09-10,VOR,EP,2,1,1,2025-11-11,FL,1,Abies alba,25,25,0,NA,NA,NA
2025-09-10,VOR,EP,2,1,1,2025-11-11,FL,1,Picea abies,120,120,0,NA,NA,NA
2025-09-10,VOR,EP,2,2,1,2025-11-11,FL,1,Fagus sylvatica,5,5,0,NA,NA,NA
2025-09-10,VOR,EP,2,2,1,2025-11-11,FL,1,Abies alba,25,25,0,NA,NA,NA
2025-09-10,VOR,EP,2,2,1,2025-11-11,FL,1,Picea abies,120,119,1,Hole,NA,NA
2025-09-10,VOR,EP,2,3,1,2025-11-11,FL,1,Fagus sylvatica,5,5,0,NA,NA,NA
2025-09-10,VOR,EP,2,3,1,2025-11-11,FL,1,Abies alba,25,25,0,NA,NA,NA
2025-09-10,VOR,EP,2,3,1,2025-11-11,FL,1,Picea abies,120,119,0,NA,NA,NA
2025-09-10,VOR,EP,2,4,1,2025-11-11,FL,1,Fagus sylvatica,5,5,0,NA,NA,NA
2025-09-10,VOR,EP,2,4,1,2025-11-11,FL,1,Abies alba,25,25,0,NA,NA,NA
2025-09-10,VOR,EP,2,4,1,2025-11-11,FL,1,Picea abies,120,119,0,NA,NA,NA
2025-09-10,VOR,EP,2,5,1,2025-11-11,FL,1,Fagus sylvatica,5,5,0,NA,NA,NA
2025-09-10,VOR,EP,2,5,1,2025-11-11,FL,1,Abies alba,25,24,0,NA,NA,NA
2025-09-10,VOR,EP,2,5,1,2025-11-11,FL,1,Picea abies,120,120,0,NA,NA,NA
2025-09-10,VOR,EP,2,6,1,2025-11-11,FL,1,Fagus sylvatica,5,5,0,NA,NA,NA
2025-09-10,VOR,EP,2,6,1,2025-11-11,FL,1,Abies alba,25,25,0,NA,NA,NA
2025-09-10,VOR,EP,2,6,1,2025-11-11,FL,1,Picea abies,120,119,0,NA,NA,NA
2025-09-10,VOR,EP,2,7,1,2025-11-11,FL,1,Fagus sylvatica,5,5,0,NA,NA,NA
2025-09-10,VOR,EP,2,7,1,2025-11-11,FL,1,Abies alba,25,25,1,Hole,NA,NA
2025-09-10,VOR,EP,2,7,1,2025-11-11,FL,1,Picea abies,120,120,0,NA,NA,NA
2025-09-10,VOR,EP,2,8,1,2025-11-11,FL,1,Fagus sylvatica,5,5,0,NA,NA,NA
2025-09-10,VOR,EP,2,8,1,2025-11-11,FL,1,Abies alba,25,25,2,Hole,NA,NA
2025-09-10,VOR,EP,2,8,1,2025-11-11,FL,1,Picea abies,120,120,0,NA,NA,NA
2025-09-10,VOR,EP,2,9,1,2025-11-11,FL,1,Fagus sylvatica,5,5,0,NA,NA,NA
2025-09-10,VOR,EP,2,9,1,2025-11-11,FL,1,Abies alba,25,25,0,NA,NA,NA
2025-09-10,VOR,EP,2,9,1,2025-11-11,FL,1,Picea abies,120,120,0,NA,NA,NA
2025-09-10,VOR,EP,2,10,1,2025-11-11,FL,1,Fagus sylvatica,5,5,0,NA,NA,NA
2025-09-10,VOR,EP,2,10,1,2025-11-11,FL,1,Abies alba,25,25,0,NA,NA,NA
2025-09-10,VOR,EP,2,10,1,2025-11-11,FL,1,Picea abies,120,118,0,NA,NA,NA
2025-09-18,BEA,EP,3,1,1,2025-11-11,FL,5,Abies alba,25,25,0,NA,NA,NA
2025-09-18,BEA,EP,3,1,1,2025-11-11,FL,5,Picea abies,120,116,0,NA,NA,NA
2025-09-18,BEA,EP,3,2,1,2025-11-11,FL,5,Abies alba,25,24,0,NA,NA,NA
2025-09-18,BEA,EP,3,2,1,2025-11-11,FL,5,Picea abies,120,116,0,NA,most had sprouted,NA
2025-09-18,BEA,EP,3,3,1,2025-11-11,FL,5,Abies alba,25,25,0,NA,NA,NA
2025-09-18,BEA,EP,3,3,1,2025-11-11,FL,5,Picea abies,120,120,0,NA,NA,NA
2025-09-18,BEA,EP,3,4,1,2025-11-11,FL,5,Abies alba,25,25,0,NA,NA,NA
2025-09-18,BEA,EP,3,4,1,2025-11-11,FL,5,Picea abies,120,119,0,NA,NA,NA
2025-09-18,BEA,EP,3,5,1,2025-11-11,FL,5,Abies alba,25,25,0,NA,NA,NA
2025-09-18,BEA,EP,3,5,1,2025-11-11,FL,5,Picea abies,120,120,0,NA,NA,NA
2025-09-18,BEA,EP,3,6,1,2025-11-12,FL,5,Abies alba,25,24,0,NA,NA,NA
2025-09-18,BEA,EP,3,6,1,2025-11-12,FL,5,Picea abies,120,119,0,NA,most had sprouted,NA
2025-09-18,BEA,EP,3,7,1,2025-11-12,FL,5,Abies alba,25,25,0,NA,NA,NA
2025-09-18,BEA,EP,3,7,1,2025-11-12,FL,5,Picea abies,120,120,0,NA,NA,NA
2025-09-18,BEA,EP,3,8,1,2025-11-12,FL,5,Abies alba,25,25,0,NA,NA,NA
2025-09-18,BEA,EP,3,8,1,2025-11-12,FL,5,Picea abies,120,120,0,NA,NA,NA
2025-09-18,BEA,EP,3,9,1,2025-11-12,FL,5,Abies alba,25,25,0,NA,NA,NA
2025-09-18,BEA,EP,3,9,1,2025-11-12,FL,5,Picea abies,120,120,0,NA,NA,NA
2025-09-18,BEA,EP,3,10,1,2025-11-12,FL,5,Abies alba,25,25,0,NA,NA,NA
2025-09-18,BEA,EP,3,10,1,2025-11-12,FL,5,Picea abies,120,121,0,NA,NA,NA
2025-08-14,WAL,EP,2,3,1,2025-11-12,FL,1,Fagus sylvatica,5,0,0,NA,no Fagus,NA
2025-08-14,WAL,EP,2,3,1,2025-11-12,FL,1,Abies alba,25,24,0,NA,NA,NA
2025-08-14,WAL,EP,2,3,1,2025-11-12,FL,1,Picea abies,120,23,8,Hole and Crack,"ant, m = 0.09789g",0.09789
2025-08-14,WAL,EP,2,4,1,2025-11-12,FL,1,Fagus sylvatica,5,5,0,NA,NA,NA
2025-08-14,WAL,EP,2,4,1,2025-11-12,FL,1,Abies alba,25,25,2,Hole,NA,NA
2025-08-14,WAL,EP,2,4,1,2025-11-12,FL,1,Picea abies,120,120,0,NA,NA,NA
2025-09-10,BET,EP,2,1,1,2025-11-12,FL,1,Fagus sylvatica,5,5,0,NA,NA,NA
2025-09-10,BET,EP,2,1,1,2025-11-12,FL,1,Abies alba,25,25,0,NA,NA,NA
2025-09-10,BET,EP,2,1,1,2025-11-12,FL,1,Picea abies,120,120,0,NA,NA,NA
2025-09-10,BET,EP,2,2,1,2025-11-12,FL,1,Fagus sylvatica,5,5,0,NA,NA,NA
2025-09-10,BET,EP,2,2,1,2025-11-12,FL,1,Abies alba,25,25,0,NA,NA,NA
2025-09-10,BET,EP,2,2,1,2025-11-12,FL,1,Picea abies,120,119,1,Crack,NA,NA
2025-09-10,BET,EP,2,3,1,2025-11-12,FL,1,Fagus sylvatica,5,5,0,NA,ant,NA
2025-09-10,BET,EP,2,3,1,2025-11-12,FL,1,Abies alba,25,25,0,NA,NA,NA
2025-09-10,BET,EP,2,3,1,2025-11-12,FL,1,Picea abies,120,120,0,NA,NA,NA
2025-09-10,BET,EP,2,4,1,2025-11-12,FL,1,Fagus sylvatica,5,5,0,NA,NA,NA
2025-09-10,BET,EP,2,4,1,2025-11-12,FL,1,Abies alba,25,25,1,Hole,NA,NA
2025-09-10,BET,EP,2,4,1,2025-11-12,FL,1,Picea abies,120,120,0,NA,NA,NA
2025-09-10,BET,EP,2,5,1,2025-11-12,FL,1,Fagus sylvatica,5,5,0,NA,NA,NA
2025-09-10,BET,EP,2,5,1,2025-11-12,FL,1,Abies alba,25,25,1,Hole,NA,NA
2025-09-10,BET,EP,2,5,1,2025-11-12,FL,1,Picea abies,120,121,2,Hole,NA,NA
2025-09-10,BET,EP,2,6,1,2025-11-12,FL,1,Fagus sylvatica,5,5,0,NA,isopods,NA
2025-09-10,BET,EP,2,6,1,2025-11-12,FL,1,Abies alba,25,25,0,NA,NA,NA
2025-09-10,BET,EP,2,6,1,2025-11-12,FL,1,Picea abies,120,120,0,NA,NA,NA
2025-09-10,BET,EP,2,7,1,2025-11-12,FL,1,Fagus sylvatica,5,5,0,NA,NA,NA
2025-09-10,BET,EP,2,7,1,2025-11-12,FL,1,Abies alba,25,25,0,NA,NA,NA
2025-09-10,BET,EP,2,7,1,2025-11-12,FL,1,Picea abies,120,120,0,NA,NA,NA
2025-09-10,BET,EP,2,8,1,2025-11-12,FL,1,Fagus sylvatica,5,5,0,NA,snail,NA
2025-09-10,BET,EP,2,8,1,2025-11-12,FL,1,Abies alba,25,25,1,Hole,NA,NA
2025-09-10,BET,EP,2,8,1,2025-11-12,FL,1,Picea abies,120,120,0,NA,NA,NA
2025-09-10,BET,EP,2,9,1,2025-11-12,FL,1,Fagus sylvatica,5,5,0,NA,NA,NA
2025-09-10,BET,EP,2,9,1,2025-11-12,FL,1,Abies alba,25,25,1,Hole,NA,NA
2025-09-10,BET,EP,2,9,1,2025-11-12,FL,1,Picea abies,120,120,0,NA,NA,NA
2025-09-10,BET,EP,2,10,1,2025-11-12,FL,1,Fagus sylvatica,5,5,0,NA,NA,NA
2025-09-10,BET,EP,2,10,1,2025-11-12,FL,1,Abies alba,25,25,0,NA,NA,NA
2025-09-10,BET,EP,2,10,1,2025-11-12,FL,1,Picea abies,120,119,0,NA,NA,NA
2025-08-20,SCH,EP,3,10,2,2025-11-06,RK,3,Abies alba,25,25,1,Hole,NA,NA
2025-08-20,SCH,EP,3,10,2,2025-11-06,RK,3,Fagus sylvatica,5,5,0,NA,NA,NA
2025-08-20,SCH,EP,3,10,2,2025-11-06,RK,3,Acer pseudoplatanus,9,9,0,NA,NA,NA
2025-08-20,SCH,EP,3,3,2,2025-11-06,RK,3,Abies alba,25,25,0,NA,NA,NA
2025-08-20,SCH,EP,3,3,2,2025-11-06,RK,3,Fagus sylvatica,5,5,0,NA,NA,NA
2025-08-20,SCH,EP,3,3,2,2025-11-06,RK,3,Acer pseudoplatanus,9,35,1,Hole,35? Maybe somebody thought that was Tilia,NA
2025-08-20,SCH,EP,3,7,2,2025-11-06,RK,3,Abies alba,25,25,1,Hole,NA,NA
2025-08-20,SCH,EP,3,7,2,2025-11-06,RK,3,Fagus sylvatica,5,5,0,NA,NA,NA
2025-08-20,SCH,EP,3,7,2,2025-11-06,RK,3,Acer pseudoplatanus,9,9,0,NA,NA,NA
2025-08-20,SCH,EP,3,2,2,2025-11-06,RK,3,Abies alba,25,25,2,Hole,NA,NA
2025-08-20,SCH,EP,3,2,2,2025-11-06,RK,3,Fagus sylvatica,5,5,0,NA,NA,NA
2025-08-20,SCH,EP,3,2,2,2025-11-06,RK,3,Acer pseudoplatanus,9,35,1,Hole,35? Maybe somebody thought that was Tilia,NA
2025-08-20,SCH,EP,3,1,2,2025-11-06,RK,3,Abies alba,25,25,3,Hole,NA,NA
2025-08-20,SCH,EP,3,1,2,2025-11-06,RK,3,Fagus sylvatica,5,5,0,NA,NA,NA
2025-08-20,SCH,EP,3,1,2,2025-11-06,RK,3,Acer pseudoplatanus,9,35,1,Hole,35? Maybe somebody thought that was Tilia,NA
2025-08-20,SCH,EP,3,6,2,2025-11-06,RK,3,Abies alba,25,25,2,Hole,NA,NA
2025-08-20,SCH,EP,3,6,2,2025-11-06,RK,3,Fagus sylvatica,5,5,0,NA,NA,NA
2025-08-20,SCH,EP,3,6,2,2025-11-06,RK,3,Acer pseudoplatanus,9,9,0,NA,NA,NA
2025-08-20,SCH,EP,3,5,2,2025-11-06,RK,3,Abies alba,25,25,0,NA,NA,NA
2025-08-20,SCH,EP,3,5,2,2025-11-06,RK,3,Fagus sylvatica,5,5,0,NA,NA,NA
2025-08-20,SCH,EP,3,5,2,2025-11-06,RK,3,Acer pseudoplatanus,9,35,0,NA,35? Maybe somebody thought that was Tilia,NA
2025-08-20,SCH,EP,3,8,2,2015-11-06,RK,3,Abies alba,25,25,1,Hole,NA,NA
2025-08-20,SCH,EP,3,8,2,2015-11-06,RK,3,Fagus sylvatica,5,5,0,NA,NA,NA
2025-08-20,SCH,EP,3,8,2,2015-11-06,RK,3,Acer pseudoplatanus,9,9,0,NA,NA,NA
2025-08-20,SCH,EP,3,9,2,2025-11-06,RK,3,Abies alba,25,25,1,Hole,NA,NA
2025-08-20,SCH,EP,3,9,2,2025-11-06,RK,3,Fagus sylvatica,5,5,0,NA,NA,NA
2025-08-20,SCH,EP,3,9,2,2025-11-06,RK,3,Acer pseudoplatanus,9,9,0,NA,NA,NA
2025-08-20,SCH,EP,3,4,2,2025-11-06,RK,3,Abies alba,25,25,1,Hole,NA,NA
2025-08-20,SCH,EP,3,4,2,2025-11-06,RK,3,Fagus sylvatica,5,5,0,NA,NA,NA
2025-08-20,SCH,EP,3,4,2,2025-11-06,RK,3,Acer pseudoplatanus,9,35,1,Hole,35? Maybe somebody thought that was Tilia,NA
2025-08-13,SCH,EP,2,3,2,2025-11-06,RK,3,Abies alba,25,25,0,NA,NA,NA
2025-08-13,SCH,EP,2,3,2,2025-11-06,RK,3,Fagus sylvatica,5,5,0,NA,NA,NA
2025-08-13,SCH,EP,2,3,2,2025-11-06,RK,3,Acer pseudoplatanus,9,9,0,NA,NA,NA
2025-08-13,SCH,EP,2,4,2,2025-11-06,RK,3,Abies alba,25,25,2,Hole and Crack,NA,NA
2025-08-13,SCH,EP,2,4,2,2025-11-06,RK,3,Fagus sylvatica,5,5,0,NA,NA,NA
2025-08-13,SCH,EP,2,4,2,2025-11-06,RK,3,Acer pseudoplatanus,9,9,0,NA,NA,NA
2025-08-13,SCH,EP,2,7,2,2025-11-06,RK,3,Abies alba,25,25,1,Hole,insect (ant),NA
2025-08-13,SCH,EP,2,7,2,2025-11-06,RK,3,Fagus sylvatica,5,5,0,NA,NA,NA
2025-08-13,SCH,EP,2,7,2,2025-11-06,RK,3,Acer pseudoplatanus,9,9,0,NA,NA,NA
2025-08-13,SCH,EP,2,10,2,2025-11-06,RK,3,Abies alba,25,25,0,NA,NA,NA
2025-08-13,SCH,EP,2,10,2,2025-11-06,RK,3,Fagus sylvatica,5,5,0,NA,NA,NA
2025-08-13,SCH,EP,2,10,2,2025-11-06,RK,3,Acer pseudoplatanus,9,9,0,NA,NA,NA
2025-09-03,VOR,EP,1,6,2,2025-10-28,RK,1,Abies alba,25,25,0,NA,NA,NA
2025-09-03,VOR,EP,1,6,2,2025-10-28,RK,1,Fagus sylvatica,5,5,0,NA,NA,NA
2025-09-03,VOR,EP,1,6,2,2025-10-28,RK,1,Picea abies,120,119,0,NA,NA,NA
2025-09-03,VOR,EP,1,10,2,2025-10-28,RK,1,Abies alba,25,25,1,Hole,NA,NA
2025-09-03,VOR,EP,1,10,2,2025-10-28,RK,1,Fagus sylvatica,5,5,0,NA,NA,NA
2025-09-03,VOR,EP,1,10,2,2025-10-28,RK,1,Picea abies,120,119,1,Crack,NA,NA
2025-09-03,VOR,EP,1,3,2,2025-10-28,RK,1,Abies alba,25,25,1,Hole,NA,NA
2025-09-03,VOR,EP,1,3,2,2025-10-28,RK,1,Fagus sylvatica,5,5,0,NA,NA,NA
2025-09-03,VOR,EP,1,3,2,2025-10-28,RK,1,Picea abies,120,99,0,NA,a lot are missing,NA
2025-09-03,VOR,EP,1,5,2,2025-10-30,RK,1,Abies alba,25,25,1,Crack,NA,NA
2025-09-03,VOR,EP,1,5,2,2025-10-30,RK,1,Fagus sylvatica,5,5,0,NA,NA,NA
2025-09-03,VOR,EP,1,5,2,2025-10-30,RK,1,Picea abies,120,120,0,NA,NA,NA
2025-09-03,VOR,EP,1,9,2,2025-10-30,RK,1,Abies alba,25,25,0,NA,NA,NA
2025-09-03,VOR,EP,1,9,2,2025-10-30,RK,1,Fagus sylvatica,5,5,0,NA,NA,NA
2025-09-03,VOR,EP,1,9,2,2025-10-30,RK,1,Picea abies,120,120,0,NA,NA,NA
2025-09-03,VOR,EP,1,1,2,2025-10-30,RK,1,Abies alba,25,25,2,Hole,NA,NA
2025-09-03,VOR,EP,1,1,2,2025-10-30,RK,1,Fagus sylvatica,5,5,0,NA,NA,NA
2025-09-03,VOR,EP,1,1,2,2025-10-30,RK,1,Picea abies,120,120,0,NA,NA,NA
2025-09-03,VOR,EP,1,4,2,2025-10-30,RK,1,Abies alba,25,25,0,NA,NA,NA
2025-09-03,VOR,EP,1,4,2,2025-10-30,RK,1,Fagus sylvatica,5,5,0,NA,NA,NA
2025-09-03,VOR,EP,1,4,2,2025-10-30,RK,1,Picea abies,120,120,0,NA,NA,NA
2025-09-03,VOR,EP,1,2,2,2025-10-30,RK,1,Abies alba,25,25,0,NA,NA,NA
2025-09-03,VOR,EP,1,2,2,2025-10-30,RK,1,Fagus sylvatica,5,5,1,Crack,NA,NA
2025-09-03,VOR,EP,1,2,2,2025-10-30,RK,1,Picea abies,120,120,1,Hole,NA,NA
2025-09-03,VOR,EP,1,7,2,2025-10-30,RK,1,Abies alba,25,25,0,NA,NA,NA
2025-09-03,VOR,EP,1,7,2,2025-10-30,RK,1,Fagus sylvatica,5,5,0,NA,NA,NA
2025-09-03,VOR,EP,1,7,2,2025-10-30,RK,1,Picea abies,120,119,0,NA,NA,NA
2025-09-03,VOR,EP,1,8,2,2025-10-30,RK,1,Abies alba,25,25,0,NA,NA,NA
2025-09-03,VOR,EP,1,8,2,2025-10-30,RK,1,Fagus sylvatica,5,5,0,NA,NA,NA
2025-09-03,VOR,EP,1,8,2,2025-10-30,RK,1,Picea abies,120,117,0,NA,NA,NA
2025-08-06,SCH,EP,1,8,2,2025-10-30,RK,3,Abies alba,25,25,0,NA,NA,NA
2025-08-06,SCH,EP,1,8,2,2025-10-30,RK,3,Fagus sylvatica,5,5,0,NA,NA,NA
2025-08-06,SCH,EP,1,8,2,2025-10-30,RK,3,Acer pseudoplatanus,9,9,0,NA,NA,NA
2025-08-06,SCH,EP,1,4,2,2025-10-30,RK,3,Abies alba,25,25,2,Hole,NA,NA
2025-08-06,SCH,EP,1,4,2,2025-10-30,RK,3,Fagus sylvatica,5,5,0,NA,NA,NA
2025-08-06,SCH,EP,1,4,2,2025-10-30,RK,3,Acer pseudoplatanus,9,9,1,Crack,NA,NA
2025-08-06,SCH,EP,1,5,2,2025-10-30,RK,3,Abies alba,25,25,0,NA,NA,NA
2025-08-06,SCH,EP,1,5,2,2025-10-30,RK,3,Fagus sylvatica,5,5,0,NA,NA,NA
2025-08-06,SCH,EP,1,5,2,2025-10-30,RK,3,Acer pseudoplatanus,9,9,1,Hole,NA,NA
2025-08-06,SCH,EP,1,9,2,2025-10-30,RK,3,Abies alba,25,24,2,Hole,NA,NA
2025-08-06,SCH,EP,1,9,2,2025-10-30,RK,3,Fagus sylvatica,5,5,2,Hole,NA,NA
2025-08-06,SCH,EP,1,9,2,2025-10-30,RK,3,Acer pseudoplatanus,9,9,1,Hole,NA,NA
2025-08-06,SCH,EP,1,1,2,2025-10-30,RK,3,Abies alba,25,25,4,Hole,NA,NA
2025-08-06,SCH,EP,1,1,2,2025-10-30,RK,3,Fagus sylvatica,5,5,0,NA,NA,NA
2025-08-06,SCH,EP,1,1,2,2025-10-30,RK,3,Acer pseudoplatanus,9,9,0,NA,NA,NA
2025-08-06,SCH,EP,1,2,2,2025-10-30,RK,3,Abies alba,25,25,0,NA,NA,NA
2025-08-06,SCH,EP,1,2,2,2025-10-30,RK,3,Fagus sylvatica,5,5,0,NA,NA,NA
2025-08-06,SCH,EP,1,2,2,2025-10-30,RK,3,Acer pseudoplatanus,9,9,1,Crack,NA,NA
2025-08-06,SCH,EP,1,7,2,2025-11-04,RK,3,Abies alba,25,25,5,Hole and Crack,NA,NA
2025-08-06,SCH,EP,1,7,2,2025-11-04,RK,3,Fagus sylvatica,5,5,0,NA,NA,NA
2025-08-06,SCH,EP,1,7,2,2025-11-04,RK,3,Acer pseudoplatanus,9,9,1,Crack,NA,NA
2025-08-06,SCH,EP,1,10,2,2025-11-04,RK,3,Abies alba,25,25,2,Hole and Crack,NA,NA
2025-08-06,SCH,EP,1,10,2,2025-11-04,RK,3,Fagus sylvatica,5,5,1,Hole,NA,NA
2025-08-06,SCH,EP,1,10,2,2025-11-04,RK,3,Acer pseudoplatanus,9,9,0,NA,NA,NA
2025-08-06,SCH,EP,1,6,2,2025-11-04,RK,3,Abies alba,25,25,0,NA,NA,NA
2025-08-06,SCH,EP,1,6,2,2025-11-04,RK,3,Fagus sylvatica,5,5,0,NA,NA,NA
2025-08-06,SCH,EP,1,6,2,2025-11-04,RK,3,Acer pseudoplatanus,9,9,0,NA,NA,NA
2025-08-06,SCH,EP,1,3,2,2025-11-04,RK,3,Abies alba,25,25,0,NA,NA,NA
2025-08-06,SCH,EP,1,3,2,2025-11-04,RK,3,Fagus sylvatica,5,5,0,NA,NA,NA
2025-08-06,SCH,EP,1,3,2,2025-11-04,RK,3,Acer pseudoplatanus,9,9,0,NA,NA,NA
2025-08-07,NEU,EP,1,1,2,2025-11-04,RK,2,Tilia cordata,35,35,1,Crack,NA,NA
2025-08-07,NEU,EP,1,1,2,2025-11-04,RK,2,Fagus sylvatica,5,5,0,NA,NA,NA
2025-08-07,NEU,EP,1,1,2,2025-11-04,RK,2,Acer pseudoplatanus,9,9,1,Hole,NA,NA
2025-08-07,NEU,EP,1,4,2,2025-11-04,RK,2,Tilia cordata,35,35,0,NA,NA,NA
2025-08-07,NEU,EP,1,4,2,2025-11-04,RK,2,Fagus sylvatica,5,5,0,NA,NA,NA
2025-08-07,NEU,EP,1,4,2,2025-11-04,RK,2,Acer pseudoplatanus,9,9,0,NA,NA,NA
2025-08-07,NEU,EP,1,10,2,2025-11-04,RK,2,Tilia cordata,35,35,0,NA,NA,NA
2025-08-07,NEU,EP,1,10,2,2025-11-04,RK,2,Fagus sylvatica,5,5,0,NA,NA,NA
2025-08-07,NEU,EP,1,10,2,2025-11-04,RK,2,Acer pseudoplatanus,9,9,0,NA,NA,NA
2025-08-07,NEU,EP,1,8,2,2025-11-04,RK,2,Tilia cordata,35,35,0,NA,NA,NA
2025-08-07,NEU,EP,1,8,2,2025-11-04,RK,2,Fagus sylvatica,5,5,0,NA,NA,NA
2025-08-07,NEU,EP,1,8,2,2025-11-04,RK,2,Acer pseudoplatanus,9,9,0,NA,NA,NA
2025-08-07,NEU,EP,1,2,2,2025-11-04,RK,2,Tilia cordata,35,35,0,NA,NA,NA
2025-08-07,NEU,EP,1,2,2,2025-11-04,RK,2,Fagus sylvatica,5,5,0,NA,NA,NA
2025-08-07,NEU,EP,1,2,2,2025-11-04,RK,2,Acer pseudoplatanus,9,9,0,NA,NA,NA
2025-08-07,NEU,EP,1,3,2,2025-11-04,RK,2,Tilia cordata,35,35,0,NA,NA,NA
2025-08-07,NEU,EP,1,3,2,2025-11-04,RK,2,Fagus sylvatica,5,5,0,NA,NA,NA
2025-08-07,NEU,EP,1,3,2,2025-11-04,RK,2,Acer pseudoplatanus,9,9,0,NA,NA,NA
2025-08-07,NEU,EP,1,7,2,2025-11-04,RK,2,Tilia cordata,35,35,0,NA,NA,NA
2025-08-07,NEU,EP,1,7,2,2025-11-04,RK,2,Fagus sylvatica,5,5,0,NA,NA,NA
2025-08-07,NEU,EP,1,7,2,2025-11-04,RK,2,Acer pseudoplatanus,9,9,0,NA,NA,NA
2025-08-07,NEU,EP,1,9,2,2025-11-04,RK,2,Tilia cordata,35,35,0,NA,NA,NA
2025-08-07,NEU,EP,1,9,2,2025-11-04,RK,2,Fagus sylvatica,5,5,1,Hole,NA,NA
2025-08-07,NEU,EP,1,9,2,2025-11-04,RK,2,Acer pseudoplatanus,9,9,0,NA,NA,NA
2025-08-07,NEU,EP,1,6,2,2025-11-04,RK,2,Tilia cordata,35,34,0,NA,NA,NA
2025-08-07,NEU,EP,1,6,2,2025-11-04,RK,2,Fagus sylvatica,5,5,0,NA,NA,NA
2025-08-07,NEU,EP,1,6,2,2025-11-04,RK,2,Acer pseudoplatanus,9,9,0,NA,NA,NA
2025-08-07,NEU,EP,1,5,2,2025-11-04,RK,2,Tilia cordata,35,35,0,NA,NA,NA
2025-08-07,NEU,EP,1,5,2,2025-11-04,RK,2,Fagus sylvatica,5,5,0,NA,NA,NA
2025-08-07,NEU,EP,1,5,2,2025-11-04,RK,2,Acer pseudoplatanus,9,9,0,NA,NA,NA
2025-08-14,WAL,EP,2,6,1,2025-11-11,RK,1,Abies alba,25,24,2,Hole and Crack,insects,NA
2025-08-14,WAL,EP,2,6,1,2025-11-11,RK,1,Fagus sylvatica,5,5,0,NA,insects,NA
2025-08-14,WAL,EP,2,6,1,2025-11-11,RK,1,Picea abies,120,120,1,Crack,insects,NA
2025-08-14,WAL,EP,2,7,1,2025-11-11,RK,1,Abies alba,25,0,0,NA,no Abies alba,NA
2025-08-14,WAL,EP,2,7,1,2025-11-11,RK,1,Fagus sylvatica,5,5,0,NA,NA,NA
2025-08-14,WAL,EP,2,7,1,2025-11-11,RK,1,Picea abies,120,117,1,Hole,NA,NA
2025-08-14,WAL,EP,2,5,1,2025-11-11,RK,1,Abies alba,25,25,0,NA,insects,NA
2025-08-14,WAL,EP,2,5,1,2025-11-11,RK,1,Fagus sylvatica,5,5,0,NA,insects,NA
2025-08-14,WAL,EP,2,5,1,2025-11-11,RK,1,Picea abies,120,118,2,Hole and Crack,"m= 0.04429g, insects",0.04429
2025-08-14,WAL,EP,2,8,1,2025-11-11,RK,1,Abies alba,25,23,1,Hole,NA,NA
2025-08-14,WAL,EP,2,8,1,2025-11-11,RK,1,Fagus sylvatica,5,0,0,NA,no Fagus sylvatica,NA
2025-08-14,WAL,EP,2,8,1,2025-11-11,RK,1,Picea abies,120,29,3,Hole and Crack,m= 0.12326g,0.12326
2025-08-14,WAL,EP,2,10,1,2025-11-11,RK,1,Abies alba,25,0,0,NA,no Abies alba,NA
2025-08-14,WAL,EP,2,10,1,2025-11-11,RK,1,Fagus sylvatica,5,5,1,Crack,NA,NA
2025-08-14,WAL,EP,2,10,1,2025-11-11,RK,1,Picea abies,120,120,1,Hole,NA,NA
2025-08-14,WAL,EP,2,9,1,2025-11-11,RK,1,Abies alba,25,19,1,Hole,"m=0.01331g, insects & poop",0.01331
2025-08-14,WAL,EP,2,9,1,2025-11-11,RK,1,Fagus sylvatica,5,0,0,NA,"no Fagus sylvatica, insects & poop",NA
2025-08-14,WAL,EP,2,9,1,2025-11-11,RK,1,Picea abies,120,21,3,Hole,insects & poop,NA
2025-08-14,WAL,EP,2,2,1,2025-11-11,RK,1,Abies alba,25,23,3,Hole and Crack,insects & poop,NA
2025-08-14,WAL,EP,2,2,1,2025-11-11,RK,1,Fagus sylvatica,5,0,0,NA,"no Fagus sylvatica, insects & poop",NA
2025-08-14,WAL,EP,2,1,1,2025-11-11,RK,1,Abies alba,25,25,1,Hole,NA,NA
2025-08-14,WAL,EP,2,1,1,2025-11-11,RK,1,Fagus sylvatica,5,5,0,NA,NA,NA
2025-08-14,WAL,EP,2,1,1,2025-11-11,RK,1,Picea abies,120,120,0,NA,NA,NA
2025-09-11,BEA,EP,2,9,1,2025-11-13,RK,5,Abies alba,25,25,1,Crack,NA,NA
2025-09-11,BEA,EP,2,9,1,2025-11-13,RK,5,Picea abies,120,120,0,NA,NA,NA
2025-09-11,BEA,EP,2,7,1,2025-11-13,RK,5,Abies alba,25,25,1,Hole,NA,NA
2025-09-11,BEA,EP,2,7,1,2025-11-13,RK,5,Picea abies,120,119,1,Hole,NA,NA
2025-09-11,BEA,EP,2,8,1,2025-11-13,RK,5,Abies alba,25,25,2,Hole,NA,NA
2025-09-11,BEA,EP,2,8,1,2025-11-13,RK,5,Picea abies,120,120,0,NA,NA,NA
2025-09-11,BEA,EP,2,10,1,2025-11-13,RK,5,Abies alba,25,25,0,NA,NA,NA
2025-09-11,BEA,EP,2,10,1,2025-11-13,RK,5,Picea abies,120,119,0,NA,NA,NA
2025-09-11,BEA,EP,2,6,1,2025-11-13,RK,5,Abies alba,25,25,1,Hole,NA,NA
2025-09-11,BEA,EP,2,6,1,2025-11-13,RK,5,Picea abies,120,118,0,NA,NA,NA
2025-08-07,WAL,EP,1,7,1,2025-08-18,CT,1,Abies alba,25,24,1,Hole and Crack,NA,0.12466000000000001
2025-08-07,WAL,EP,1,7,1,2025-08-18,CT,1,Fagus sylvatica,5,5,0,NA,NA,NA
2025-08-07,WAL,EP,1,7,1,2025-08-18,CT,1,Picea abies,120,119,0,NA,NA,0.22554
2025-08-07,WAL,EP,1,8,1,2025-08-18,CT,1,Abies alba,25,25,3,Crack,NA,NA
2025-08-07,WAL,EP,1,8,1,2025-08-18,CT,1,Fagus sylvatica,5,5,1,Crack,NA,NA
2025-08-07,WAL,EP,1,8,1,2025-08-18,CT,1,Picea abies,120,120,0,NA,NA,NA
2025-08-07,WAL,EP,1,9,1,2025-08-18,CT,1,Abies alba,25,25,1,Hole,NA,NA
2025-08-07,WAL,EP,1,9,1,2025-08-18,CT,1,Fagus sylvatica,5,5,0,NA,NA,NA
2025-08-07,WAL,EP,1,9,1,2025-08-18,CT,1,Picea abies,120,119,0,NA,NA,NA
2025-08-07,WAL,EP,1,10,1,2025-08-18,CT,1,Abies alba,25,16,2,Crack,NA,NA
2025-08-07,WAL,EP,1,10,1,2025-08-18,CT,1,Fagus sylvatica,5,5,0,NA,NA,NA
2025-08-07,WAL,EP,1,10,1,2025-08-18,CT,1,Picea abies,120,9,3,Crack,NA,NA
2025-08-13,SCH,EP,2,6,1,2025-08-20,EP,3,Acer pseudoplatanus,9,9,0,NA,NA,NA
2025-08-13,SCH,EP,2,6,1,2025-08-20,EP,3,Abies alba,25,25,0,NA,NA,NA
2025-08-13,SCH,EP,2,6,1,2025-08-20,EP,3,Fagus sylvatica,5,5,0,NA,NA,NA
2025-08-13,SCH,EP,2,7,1,2025-08-20,EP,3,Acer pseudoplatanus,9,9,0,NA,NA,NA
2025-08-13,SCH,EP,2,7,1,2025-08-20,EP,3,Abies alba,25,25,0,NA,NA,NA
2025-08-13,SCH,EP,2,7,1,2025-08-20,EP,3,Fagus sylvatica,5,5,0,NA,NA,NA
2025-08-07,NEU,EP,1,10,1,2025-09-25,CT,2,Tilia cordata,35,35,1,Crack,NA,NA
2025-08-07,NEU,EP,1,10,1,2025-09-25,CT,2,Fagus sylvatica,5,5,0,NA,NA,NA
2025-08-07,NEU,EP,1,10,1,2025-09-25,CT,2,Acer pseudoplatanus,9,9,0,NA,NA,NA
2025-08-07,NEU,EP,1,8,1,2025-09-25,CT,2,Tilia cordata,35,35,2,Crack,NA,NA
2025-08-07,NEU,EP,1,8,1,2025-09-25,CT,2,Fagus sylvatica,5,5,0,NA,NA,NA
2025-08-07,NEU,EP,1,8,1,2025-09-25,CT,2,Acer pseudoplatanus,9,9,0,NA,NA,NA
2025-08-07,NEU,EP,1,3,1,2025-09-25,CT,2,Tilia cordata,35,0,0,NA,Poop in sample,0.51115
2025-08-07,NEU,EP,1,3,1,2025-09-25,CT,2,Fagus sylvatica,5,0,0,NA,Poop in sample,0.0767
2025-08-07,NEU,EP,1,3,1,2025-09-25,CT,2,Acer pseudoplatanus,9,2,0,NA,Poop in sample,0.1661
2025-08-07,NEU,EP,1,9,1,2025-09-11,CT,2,Tilia cordata,35,35,4,Crack,NA,NA
2025-08-07,NEU,EP,1,9,1,2025-09-11,CT,2,Fagus sylvatica,5,5,0,NA,NA,NA
2025-08-07,NEU,EP,1,9,1,2025-09-11,CT,2,Acer pseudoplatanus,9,9,0,NA,NA,NA
2025-08-07,NEU,EP,1,2,1,2025-09-11,CT,2,Tilia cordata,35,35,2,Crack,NA,NA
2025-08-07,NEU,EP,1,2,1,2025-09-11,CT,2,Fagus sylvatica,5,5,0,NA,NA,NA
2025-08-07,NEU,EP,1,2,1,2025-09-11,CT,2,Acer pseudoplatanus,9,9,0,NA,NA,NA
2025-08-07,NEU,EP,1,5,1,2025-09-30,CT,2,Tilia cordata,35,5,5,Hole and Crack,NA,0.82955
2025-08-07,NEU,EP,1,5,1,2025-09-30,CT,2,Fagus sylvatica,5,0,0,NA,NA,NA
2025-08-07,NEU,EP,1,5,1,2025-09-30,CT,2,Acer pseudoplatanus,9,3,0,NA,NA,NA
2025-08-07,NEU,EP,1,4,1,2025-09-30,CT,2,Tilia cordata,35,8,3,Hole and Crack,NA,0.30743
2025-08-07,NEU,EP,1,4,1,2025-09-30,CT,2,Fagus sylvatica,5,0,0,NA,NA,NA
2025-08-07,NEU,EP,1,4,1,2025-09-30,CT,2,Acer pseudoplatanus,9,7,1,Hole,NA,0.02999
2025-08-06,SCH,EP,1,1,1,2025-08-11,CT,3,Abies alba,25,25,0,NA,NA,NA
2025-08-06,SCH,EP,1,1,1,2025-08-11,CT,3,Fagus sylvatica,5,5,0,NA,NA,NA
2025-08-06,SCH,EP,1,1,1,2025-08-11,CT,3,Acer pseudoplatanus,9,9,1,Hole,NA,NA
2025-08-06,SCH,EP,1,2,1,2025-08-11,CT,3,Abies alba,25,25,1,Crack,NA,NA
2025-08-06,SCH,EP,1,2,1,2025-08-11,CT,3,Fagus sylvatica,5,5,0,NA,NA,NA
2025-08-06,SCH,EP,1,2,1,2025-08-11,CT,3,Acer pseudoplatanus,9,9,0,NA,NA,NA
2025-08-06,SCH,EP,1,3,1,2025-08-11,CT,3,Abies alba,25,25,0,NA,NA,NA
2025-08-06,SCH,EP,1,3,1,2025-08-11,CT,3,Fagus sylvatica,5,5,0,NA,NA,NA
2025-08-06,SCH,EP,1,3,1,2025-08-11,CT,3,Acer pseudoplatanus,9,9,0,NA,NA,NA
2025-08-06,SCH,EP,1,4,1,2025-08-11,CT,3,Abies alba,25,25,0,NA,NA,NA
2025-08-06,SCH,EP,1,4,1,2025-08-11,CT,3,Fagus sylvatica,5,5,0,NA,NA,NA
2025-08-06,SCH,EP,1,4,1,2025-08-11,CT,3,Acer pseudoplatanus,9,9,0,NA,NA,NA
2025-08-06,SCH,EP,1,5,1,2025-08-11,CT,3,Abies alba,25,25,1,Hole,NA,NA
2025-08-06,SCH,EP,1,5,1,2025-08-11,CT,3,Fagus sylvatica,5,5,0,NA,NA,NA
2025-08-06,SCH,EP,1,5,1,2025-08-11,CT,3,Acer pseudoplatanus,9,9,1,Hole,NA,NA
2025-08-06,SCH,EP,1,7,1,2025-08-12,CT,3,Abies alba,25,25,2,Hole,NA,NA
2025-08-06,SCH,EP,1,7,1,2025-08-12,CT,3,Fagus sylvatica,5,5,0,NA,NA,NA
2025-08-06,SCH,EP,1,7,1,2025-08-12,CT,3,Acer pseudoplatanus,9,9,0,NA,NA,NA
2025-08-06,SCH,EP,1,8,1,2025-08-12,CT,3,Abies alba,25,24,0,NA,NA,NA
2025-08-06,SCH,EP,1,8,1,2025-08-12,CT,3,Fagus sylvatica,5,5,0,NA,NA,NA
2025-08-06,SCH,EP,1,8,1,2025-08-12,CT,3,Acer pseudoplatanus,9,9,0,NA,One seed has a cracked seed coat,NA
2025-08-06,SCH,EP,1,9,1,2025-08-12,CT,3,Abies alba,25,25,1,Hole,NA,NA
2025-08-06,SCH,EP,1,9,1,2025-08-12,CT,3,Fagus sylvatica,5,5,0,NA,NA,NA
2025-08-06,SCH,EP,1,9,1,2025-08-12,CT,3,Acer pseudoplatanus,9,9,0,NA,NA,NA
2025-08-06,SCH,EP,1,10,1,2025-08-12,CT,3,Abies alba,25,25,1,Hole,NA,NA
2025-08-06,SCH,EP,1,10,1,2025-08-12,CT,3,Fagus sylvatica,5,5,0,NA,NA,NA
2025-08-06,SCH,EP,1,10,1,2025-08-12,CT,3,Acer pseudoplatanus,9,9,0,NA,NA,NA
2025-08-07,WAL,EP,1,1,1,2025-08-12,CT,1,Abies alba,25,25,1,Hole,NA,NA
2025-08-07,WAL,EP,1,1,1,2025-08-12,CT,1,Fagus sylvatica,5,5,0,NA,NA,NA
2025-08-07,WAL,EP,1,1,1,2025-08-12,CT,1,Picea abies,120,120,0,NA,NA,NA
2025-08-07,WAL,EP,1,2,1,2025-08-12,CT,1,Abies alba,25,25,0,NA,NA,NA
2025-08-07,WAL,EP,1,2,1,2025-08-12,CT,1,Fagus sylvatica,5,5,0,NA,NA,NA
2025-08-07,WAL,EP,1,2,1,2025-08-12,CT,1,Picea abies,120,120,0,NA,NA,NA
2025-08-07,WAL,EP,1,3,1,2025-08-12,CT,1,Abies alba,25,25,0,NA,NA,NA
2025-08-07,WAL,EP,1,3,1,2025-08-12,CT,1,Fagus sylvatica,5,5,0,NA,NA,NA
2025-08-07,WAL,EP,1,3,1,2025-08-12,CT,1,Picea abies,120,117,0,NA,NA,NA
2025-08-07,WAL,EP,1,4,1,2025-08-12,CT,1,Abies alba,25,25,0,NA,NA,NA
2025-08-07,WAL,EP,1,4,1,2025-08-12,CT,1,Fagus sylvatica,5,5,0,NA,NA,NA
2025-08-07,WAL,EP,1,4,1,2025-08-12,CT,1,Picea abies,120,120,0,NA,NA,NA
2025-08-07,WAL,EP,1,5,1,2025-08-12,CT,1,Abies alba,25,25,0,NA,NA,NA
2025-08-07,WAL,EP,1,5,1,2025-08-12,CT,1,Fagus sylvatica,5,5,0,NA,NA,NA
2025-08-07,WAL,EP,1,5,1,2025-08-12,CT,1,Picea abies,120,119,0,NA,NA,NA
2025-08-07,WAL,EP,1,6,1,2025-08-12,CT,1,Abies alba,25,25,0,NA,NA,NA
2025-08-07,WAL,EP,1,6,1,2025-08-12,CT,1,Fagus sylvatica,5,5,0,NA,NA,NA
2025-08-07,WAL,EP,1,6,1,2025-08-12,CT,1,Picea abies,120,118,0,NA,NA,NA
2025-08-07,NEU,EP,1,7,1,2025-09-30,CT,2,Tilia cordata,35,36,0,NA,NA,NA
2025-08-07,NEU,EP,1,7,1,2025-09-30,CT,2,Fagus sylvatica,5,5,0,NA,NA,NA
2025-08-07,NEU,EP,1,7,1,2025-09-30,CT,2,Acer pseudoplatanus,9,9,0,NA,NA,NA
2025-08-07,NEU,EP,1,1,1,2025-09-30,CT,2,Tilia cordata,35,0,0,NA,Poop in sample,0.21071
2025-08-07,NEU,EP,1,1,1,2025-09-30,CT,2,Fagus sylvatica,5,0,0,NA,Poop in sample,NA
2025-08-07,NEU,EP,1,1,1,2025-09-30,CT,2,Acer pseudoplatanus,9,7,0,NA,Poop in sample,0.05974
2025-08-07,NEU,EP,1,6,1,2025-09-30,CT,2,Tilia cordata,35,0,0,NA,Poop in sample,0.17294
2025-08-07,NEU,EP,1,6,1,2025-09-30,CT,2,Fagus sylvatica,5,0,0,NA,Poop in sample,NA
2025-08-07,NEU,EP,1,6,1,2025-09-30,CT,2,Acer pseudoplatanus,9,5,1,Crack,Poop in sample,0.00463
2025-09-03,VOR,EP,1,5,1,2025-09-30,CT,1,Abies alba,25,25,0,NA,NA,NA
2025-09-03,VOR,EP,1,5,1,2025-09-30,CT,1,Fagus sylvatica,5,5,0,NA,NA,NA
2025-09-03,VOR,EP,1,5,1,2025-09-30,CT,1,Picea abies,120,120,0,NA,NA,NA
2025-09-03,VOR,EP,1,10,1,2025-09-30,CT,1,Abies alba,25,25,0,NA,NA,NA
2025-09-03,VOR,EP,1,10,1,2025-09-30,CT,1,Fagus sylvatica,5,5,0,NA,NA,NA
2025-09-03,VOR,EP,1,10,1,2025-09-30,CT,1,Picea abies,120,120,0,NA,18 seeds with cracked coats,NA
2025-09-03,VOR,EP,1,3,1,2025-09-30,CT,1,Abies alba,25,25,1,Hole and Crack,NA,NA
2025-09-03,VOR,EP,1,3,1,2025-09-30,CT,1,Fagus sylvatica,5,5,0,NA,NA,NA
2025-09-03,VOR,EP,1,3,1,2025-09-30,CT,1,Picea abies,120,118,0,NA,31 seeds with cracked coats,NA
2025-09-03,VOR,EP,1,1,1,2025-09-30,CT,1,Abies alba,25,25,2,Crack,NA,NA
2025-09-03,VOR,EP,1,1,1,2025-09-30,CT,1,Fagus sylvatica,5,5,0,NA,NA,NA
2025-09-03,VOR,EP,1,1,1,2025-09-30,CT,1,Picea abies,120,120,0,NA,8 seeds with cracked coats,NA
2025-09-03,VOR,EP,1,9,1,2025-09-30,CT,1,Abies alba,25,25,0,NA,NA,NA
2025-09-03,VOR,EP,1,9,1,2025-09-30,CT,1,Fagus sylvatica,5,5,0,NA,NA,NA
2025-09-03,VOR,EP,1,9,1,2025-09-30,CT,1,Picea abies,120,120,0,NA,NA,NA
2025-09-03,VOR,EP,1,8,1,2025-09-30,CT,1,Abies alba,25,25,0,NA,NA,NA
2025-09-03,VOR,EP,1,8,1,2025-09-30,CT,1,Fagus sylvatica,5,5,0,NA,NA,NA
2025-09-03,VOR,EP,1,8,1,2025-09-30,CT,1,Picea abies,120,117,0,NA,34 seeds with cracked coats,NA
2025-09-03,VOR,EP,1,4,1,2025-10-06,CT,1,Abies alba,25,25,0,NA,NA,NA
2025-09-03,VOR,EP,1,4,1,2025-10-06,CT,1,Fagus sylvatica,5,5,0,NA,NA,NA
2025-09-03,VOR,EP,1,4,1,2025-10-06,CT,1,Picea abies,120,120,0,NA,11 seeds with cracked coats,NA
2025-09-03,VOR,EP,1,6,1,2025-10-06,CT,1,Abies alba,25,25,0,NA,NA,NA
2025-09-03,VOR,EP,1,6,1,2025-10-06,CT,1,Fagus sylvatica,5,5,0,NA,NA,NA
2025-09-03,VOR,EP,1,6,1,2025-10-06,CT,1,Picea abies,120,120,0,NA,30 seeds with cracked coats,NA
2025-09-03,VOR,EP,1,7,1,2025-10-06,CT,1,Abies alba,25,25,0,NA,NA,NA
2025-09-03,VOR,EP,1,7,1,2025-10-06,CT,1,Fagus sylvatica,5,5,0,NA,NA,NA
2025-09-03,VOR,EP,1,7,1,2025-10-06,CT,1,Picea abies,120,120,0,NA,15 seeds with damaged coats,NA
2025-09-03,VOR,EP,1,2,1,2025-10-06,CT,1,Abies alba,25,25,0,NA,NA,NA
2025-09-03,VOR,EP,1,2,1,2025-10-06,CT,1,Fagus sylvatica,5,5,0,NA,NA,NA
2025-09-03,VOR,EP,1,2,1,2025-10-06,CT,1,Picea abies,120,119,0,NA,5 seeds with damaged coats,NA
2025-09-04,BEA,EP,1,2,1,2025-10-06,CT,5,Abies alba,25,25,1,Hole,NA,NA
2025-09-04,BEA,EP,1,2,1,2025-10-06,CT,5,Picea abies,120,116,0,NA,NA,NA
2025-09-04,BEA,EP,1,7,1,2025-10-06,CT,5,Abies alba,25,25,0,NA,NA,NA
2025-09-04,BEA,EP,1,7,1,2025-10-06,CT,5,Picea abies,120,120,0,NA,NA,NA
2025-09-04,BEA,EP,1,9,1,2025-10-06,CT,5,Abies alba,25,25,1,Crack,NA,NA
2025-09-04,BEA,EP,1,9,1,2025-10-06,CT,5,Picea abies,120,120,0,NA,NA,NA
2025-09-04,BEA,EP,1,5,1,2025-10-06,CT,5,Abies alba,25,25,1,Hole,NA,NA
2025-09-04,BEA,EP,1,5,1,2025-10-06,CT,5,Picea abies,120,120,0,NA,NA,NA
2025-09-04,BEA,EP,1,6,1,2025-10-06,CT,5,Abies alba,25,25,0,NA,NA,NA
2025-09-04,BEA,EP,1,6,1,2025-10-06,CT,5,Picea abies,120,120,0,NA,NA,NA
2025-09-04,BEA,EP,1,8,1,2025-10-06,CT,5,Abies alba,25,25,1,Hole,NA,NA
2025-09-04,BEA,EP,1,8,1,2025-10-06,CT,5,Picea abies,120,120,0,NA,NA,NA
2025-09-04,BEA,EP,1,1,1,2025-10-06,CT,5,Abies alba,25,25,1,Hole,NA,NA
2025-09-04,BEA,EP,1,1,1,2025-10-06,CT,5,Picea abies,120,120,0,NA,NA,NA
2025-09-04,BEA,EP,1,4,1,2025-10-06,CT,5,Abies alba,25,25,0,NA,NA,NA
2025-09-04,BEA,EP,1,4,1,2025-10-06,CT,5,Picea abies,120,120,0,NA,NA,NA
2025-09-04,BEA,EP,1,3,1,2025-10-06,CT,5,Abies alba,25,25,0,NA,NA,NA
2025-09-04,BEA,EP,1,3,1,2025-10-06,CT,5,Picea abies,120,119,0,NA,NA,NA
2025-09-04,BEA,EP,1,10,1,2025-10-06,CT,5,Abies alba,25,25,0,NA,NA,NA
2025-09-04,BEA,EP,1,10,1,2025-10-06,CT,5,Picea abies,120,117,0,NA,NA,NA
2025-09-03,BET,EP,1,3,1,2025-10-07,CT,1,Abies alba,25,25,0,NA,NA,NA
2025-09-03,BET,EP,1,3,1,2025-10-07,CT,1,Fagus sylvatica,5,5,0,NA,NA,NA
2025-09-03,BET,EP,1,3,1,2025-10-07,CT,1,Picea abies,120,120,0,NA,NA,NA
2025-09-03,BET,EP,1,7,1,2025-10-07,CT,1,Abies alba,25,25,0,NA,NA,NA
2025-09-03,BET,EP,1,7,1,2025-10-07,CT,1,Fagus sylvatica,5,5,0,NA,NA,NA
2025-09-03,BET,EP,1,7,1,2025-10-07,CT,1,Picea abies,120,120,0,NA,1 seed with damaged coat,NA
2025-09-03,BET,EP,1,9,1,2025-10-07,CT,1,Abies alba,25,25,0,NA,NA,NA
2025-09-03,BET,EP,1,9,1,2025-10-07,CT,1,Fagus sylvatica,5,5,0,NA,NA,NA
2025-09-03,BET,EP,1,9,1,2025-10-07,CT,1,Picea abies,120,120,0,NA,1 seed with damaged coat,NA
2025-09-03,BET,EP,1,8,1,2025-10-07,CT,1,Abies alba,25,25,0,NA,NA,NA
2025-09-03,BET,EP,1,8,1,2025-10-07,CT,1,Fagus sylvatica,5,5,0,NA,NA,NA
2025-09-03,BET,EP,1,8,1,2025-10-07,CT,1,Picea abies,120,120,0,NA,NA,NA
2025-09-03,BET,EP,1,6,1,2025-10-07,CT,1,Abies alba,25,25,0,NA,NA,NA
2025-09-03,BET,EP,1,6,1,2025-10-07,CT,1,Fagus sylvatica,5,5,0,NA,NA,NA
2025-09-03,BET,EP,1,6,1,2025-10-07,CT,1,Picea abies,120,120,0,NA,NA,NA
2025-08-21,NEU,EP,3,8,1,2025-10-13,CT,2,Acer pseudoplatanus,9,9,0,NA,NA,NA
2025-08-21,NEU,EP,3,8,1,2025-10-13,CT,2,Fagus sylvatica,5,5,0,NA,NA,NA
2025-08-21,NEU,EP,3,8,1,2025-10-13,CT,2,Tilia cordata,35,33,0,NA,2 seeds with damaged coats,NA
2025-08-21,NEU,EP,3,7,1,2025-10-13,CT,2,Acer pseudoplatanus,9,3,0,NA,"Bag riped, poop in sample",0.03111
2025-08-21,NEU,EP,3,7,1,2025-10-13,CT,2,Fagus sylvatica,5,5,0,NA,"Bag riped, poop in sample",0.05197
2025-08-21,NEU,EP,3,7,1,2025-10-13,CT,2,Tilia cordata,35,3,3,Hole,"Bag riped, poop in sample",0.25001
2025-08-21,NEU,EP,3,3,1,2025-10-13,CT,2,Acer pseudoplatanus,9,3,1,Crack,Poop in sample,0.0617
2025-08-21,NEU,EP,3,3,1,2025-10-13,CT,2,Fagus sylvatica,5,0,0,NA,Poop in sample,NA
2025-08-21,NEU,EP,3,3,1,2025-10-13,CT,2,Tilia cordata,35,10,10,Hole and Crack,Poop in sample,0.2889
2025-08-21,NEU,EP,3,10,1,2025-10-13,CT,2,Acer pseudoplatanus,9,9,0,NA,NA,NA
2025-08-21,NEU,EP,3,10,1,2025-10-13,CT,2,Fagus sylvatica,5,5,0,NA,NA,NA
2025-08-21,NEU,EP,3,10,1,2025-10-13,CT,2,Tilia cordata,35,34,0,NA,NA,NA
2025-08-21,NEU,EP,3,2,1,2025-10-13,CT,2,Acer pseudoplatanus,9,8,0,NA,Poop in sample,0.02392
2025-08-21,NEU,EP,3,2,1,2025-10-13,CT,2,Fagus sylvatica,5,0,0,NA,Poop in sample,NA
2025-08-21,NEU,EP,3,2,1,2025-10-13,CT,2,Tilia cordata,35,6,6,Hole and Crack,Poop in sample,0.39892
2025-08-21,NEU,EP,3,5,1,2025-10-14,CT,2,Acer pseudoplatanus,9,7,3,Crack,NA,NA
2025-08-21,NEU,EP,3,5,1,2025-10-14,CT,2,Fagus sylvatica,5,0,0,NA,NA,NA
2025-08-21,NEU,EP,3,5,1,2025-10-14,CT,2,Tilia cordata,35,5,5,Hole and Crack,NA,0.16209
2025-08-21,NEU,EP,3,6,1,2025-10-14,CT,2,Acer pseudoplatanus,9,3,1,Crack,Poop in sample,0.10477
2025-08-21,NEU,EP,3,6,1,2025-10-14,CT,2,Fagus sylvatica,5,0,0,NA,Poop in sample,0.00599
2025-08-21,NEU,EP,3,6,1,2025-10-14,CT,2,Tilia cordata,35,13,12,Hole and Crack,Poop in sample,0.35894
2025-08-21,NEU,EP,3,9,1,2025-10-14,CT,2,Acer pseudoplatanus,9,8,0,NA,NA,NA
2025-08-21,NEU,EP,3,9,1,2025-10-14,CT,2,Fagus sylvatica,5,5,0,NA,NA,NA
2025-08-21,NEU,EP,3,9,1,2025-10-14,CT,2,Tilia cordata,35,32,0,NA,3 seeds with cracked coats,NA
2025-08-21,NEU,EP,3,4,1,2025-10-14,CT,2,Acer pseudoplatanus,9,7,1,Crack,Poop in sample,0.0184
2025-08-21,NEU,EP,3,4,1,2025-10-14,CT,2,Fagus sylvatica,5,0,0,NA,Poop in sample,NA
2025-08-21,NEU,EP,3,4,1,2025-10-14,CT,2,Tilia cordata,35,15,15,Hole and Crack,Poop in sample,0.2599
2025-08-21,WAL,EP,3,7,2,2025-11-19,FL,1,Fagus sylvatica,5,5,0,NA,NA,NA
2025-08-21,WAL,EP,3,7,2,2025-11-19,FL,1,Abies alba,25,25,1,Hole,NA,NA
2025-08-21,WAL,EP,3,7,2,2025-11-19,FL,1,Picea abies,120,118,0,NA,NA,NA
2025-08-21,WAL,EP,3,4,2,2025-11-19,FL,1,Fagus sylvatica,5,5,0,NA,NA,NA
2025-08-21,WAL,EP,3,4,2,2025-11-19,FL,1,Abies alba,25,25,0,NA,NA,NA
2025-08-21,WAL,EP,3,4,2,2025-11-19,FL,1,Picea abies,120,120,0,NA,NA,NA
2025-08-21,WAL,EP,3,6,2,2025-11-19,FL,1,Fagus sylvatica,5,5,0,NA,NA,NA
2025-08-21,WAL,EP,3,6,2,2025-11-19,FL,1,Abies alba,25,25,1,Hole,NA,NA
2025-08-21,WAL,EP,3,6,2,2025-11-19,FL,1,Picea abies,120,120,0,NA,NA,NA
2025-08-21,WAL,EP,3,1,2,2025-11-19,FL,1,Fagus sylvatica,5,5,0,NA,NA,NA
2025-08-21,WAL,EP,3,1,2,2025-11-19,FL,1,Abies alba,25,25,0,NA,NA,NA
2025-08-21,WAL,EP,3,1,2,2025-11-19,FL,1,Picea abies,120,119,0,NA,NA,NA
2025-08-21,WAL,EP,3,10,2,2025-11-19,FL,1,Fagus sylvatica,5,5,1,Crack,NA,NA
2025-08-21,WAL,EP,3,10,2,2025-11-19,FL,1,Abies alba,25,25,0,NA,NA,NA
2025-08-21,WAL,EP,3,10,2,2025-11-19,FL,1,Picea abies,120,119,1,Hole,NA,NA
2025-08-21,WAL,EP,3,9,2,2025-11-19,FL,1,Fagus sylvatica,5,5,0,NA,3 insects,NA
2025-08-21,WAL,EP,3,9,2,2025-11-19,FL,1,Abies alba,25,25,0,NA,3 insects,NA
2025-08-21,WAL,EP,3,9,2,2025-11-19,FL,1,Picea abies,120,115,1,Crack,3 insects,NA
2025-08-21,WAL,EP,3,2,2,2025-11-19,FL,1,Fagus sylvatica,5,5,0,NA,NA,NA
2025-08-21,WAL,EP,3,2,2,2025-11-19,FL,1,Abies alba,25,25,0,NA,NA,NA
2025-08-21,WAL,EP,3,2,2,2025-11-19,FL,1,Picea abies,120,119,0,NA,NA,NA
2025-08-21,WAL,EP,3,8,2,2025-11-19,FL,1,Fagus sylvatica,5,5,0,NA,NA,NA
2025-08-21,WAL,EP,3,8,2,2025-11-19,FL,1,Abies alba,25,25,0,NA,NA,NA
2025-08-21,WAL,EP,3,8,2,2025-11-19,FL,1,Picea abies,120,119,1,Crack,NA,NA
2025-08-21,WAL,EP,3,5,2,2025-11-19,FL,1,Fagus sylvatica,5,5,0,NA,NA,NA
2025-08-21,WAL,EP,3,5,2,2025-11-19,FL,1,Abies alba,25,26,1,Crack,NA,NA
2025-08-21,WAL,EP,3,5,2,2025-11-19,FL,1,Picea abies,120,120,0,NA,NA,NA
2025-08-21,WAL,EP,3,3,2,2025-11-19,FL,1,Fagus sylvatica,5,5,0,NA,NA,NA
2025-08-21,WAL,EP,3,3,2,2025-11-19,FL,1,Abies alba,25,25,0,NA,NA,NA
2025-08-21,WAL,EP,3,3,2,2025-11-19,FL,1,Picea abies,120,120,0,NA,NA,NA
2025-09-10,BET,EP,2,3,2,2025-11-19,FL,1,Fagus sylvatica,5,5,0,NA,NA,NA
2025-09-10,BET,EP,2,3,2,2025-11-19,FL,1,Abies alba,25,25,1,Hole,NA,NA
2025-09-10,BET,EP,2,3,2,2025-11-19,FL,1,Picea abies,120,119,0,NA,NA,NA
2025-09-10,BET,EP,2,10,2,2025-11-19,FL,1,Fagus sylvatica,5,5,0,NA,NA,NA
2025-09-10,BET,EP,2,10,2,2025-11-19,FL,1,Abies alba,25,25,0,NA,NA,NA
2025-09-10,BET,EP,2,10,2,2025-11-19,FL,1,Picea abies,120,120,0,NA,NA,NA
2025-09-10,BET,EP,2,2,2,2025-11-19,FL,1,Fagus sylvatica,5,5,0,NA,NA,NA
2025-09-10,BET,EP,2,2,2,2025-11-19,FL,1,Abies alba,25,24,1,Hole,NA,NA
2025-09-10,BET,EP,2,2,2,2025-11-19,FL,1,Picea abies,120,119,2,Hole and Crack,NA,NA
2025-09-10,BET,EP,2,6,2,2025-11-19,FL,1,Fagus sylvatica,5,5,0,NA,ants,NA
2025-09-10,BET,EP,2,6,2,2025-11-19,FL,1,Abies alba,25,25,0,NA,ants,NA
2025-09-10,BET,EP,2,6,2,2025-11-19,FL,1,Picea abies,120,120,0,NA,ants,NA
2025-09-10,BET,EP,2,4,2,2025-11-19,FL,1,Fagus sylvatica,5,5,0,NA,NA,NA
2025-09-10,BET,EP,2,4,2,2025-11-19,FL,1,Abies alba,25,25,1,Hole,NA,NA
2025-09-10,BET,EP,2,4,2,2025-11-19,FL,1,Picea abies,120,119,0,NA,NA,NA
2025-09-10,BET,EP,2,5,2,2025-11-19,FL,1,Fagus sylvatica,5,5,0,NA,NA,NA
2025-09-10,BET,EP,2,5,2,2025-11-19,FL,1,Abies alba,25,25,0,NA,NA,NA
2025-09-10,BET,EP,2,5,2,2025-11-19,FL,1,Picea abies,120,119,1,Hole,NA,NA
2025-09-10,BET,EP,2,9,2,2025-11-19,FL,1,Fagus sylvatica,5,5,0,NA,NA,NA
2025-09-10,BET,EP,2,9,2,2025-11-19,FL,1,Abies alba,25,25,0,NA,NA,NA
2025-09-10,BET,EP,2,9,2,2025-11-19,FL,1,Picea abies,120,120,0,NA,NA,NA
2025-09-10,BET,EP,2,8,2,2025-11-19,FL,1,Fagus sylvatica,5,5,0,NA,NA,NA
2025-09-10,BET,EP,2,8,2,2025-11-19,FL,1,Abies alba,25,25,0,NA,NA,NA
2025-09-10,BET,EP,2,8,2,2025-11-19,FL,1,Picea abies,120,120,0,NA,NA,NA
2025-09-10,BET,EP,2,7,2,2025-11-19,FL,1,Fagus sylvatica,5,5,1,Hole,NA,NA
2025-09-10,BET,EP,2,7,2,2025-11-19,FL,1,Abies alba,25,25,0,NA,NA,NA
2025-09-10,BET,EP,2,7,2,2025-11-19,FL,1,Picea abies,120,100,0,NA,NA,NA
2025-09-10,BET,EP,2,1,2,2025-11-19,FL,1,Fagus sylvatica,5,5,0,NA,NA,NA
2025-09-10,BET,EP,2,1,2,2025-11-19,FL,1,Abies alba,25,25,0,NA,NA,NA
2025-09-10,BET,EP,2,1,2,2025-11-19,FL,1,Picea abies,120,120,0,NA,NA,NA
2025-08-14,WAL,EP,2,2,1,2025-11-11,RK,1,Picea abies,120,7,4,Hole,"m= 0.28512g, insects & poop",0.28512
2025-08-14,WAL,EP,2,3,2,2025-11-17,RK,1,Abies alba,25,25,0,NA,NA,NA
2025-08-14,WAL,EP,2,3,2,2025-11-17,RK,1,Fagus sylvatica,5,5,0,NA,NA,NA
2025-08-14,WAL,EP,2,3,2,2025-11-17,RK,1,Picea abies,120,120,0,NA,NA,NA
2025-08-14,WAL,EP,2,2,2,2025-11-17,RK,1,Abies alba,25,25,0,NA,NA,NA
2025-08-14,WAL,EP,2,2,2,2025-11-17,RK,1,Fagus sylvatica,5,5,0,NA,NA,NA
2025-08-14,WAL,EP,2,2,2,2025-11-17,RK,1,Picea abies,120,120,0,NA,NA,NA
2025-08-14,WAL,EP,2,4,2,2025-11-17,RK,1,Abies alba,25,25,0,NA,NA,NA
2025-08-14,WAL,EP,2,4,2,2025-11-17,RK,1,Fagus sylvatica,5,5,0,NA,NA,NA
2025-08-14,WAL,EP,2,4,2,2025-11-17,RK,1,Picea abies,120,120,0,NA,NA,NA
2025-08-14,WAL,EP,2,1,2,2025-11-17,RK,1,Abies alba,25,24,0,NA,NA,NA
2025-08-14,WAL,EP,2,1,2,2025-11-17,RK,1,Fagus sylvatica,5,5,1,Hole,NA,NA
2025-08-14,WAL,EP,2,1,2,2025-11-17,RK,1,Picea abies,120,120,0,NA,NA,NA
2025-08-14,WAL,EP,2,5,2,2025-11-17,RK,1,Abies alba,25,25,0,NA,NA,NA
2025-08-14,WAL,EP,2,5,2,2025-11-17,RK,1,Fagus sylvatica,5,5,0,NA,NA,NA
2025-08-14,WAL,EP,2,5,2,2025-11-17,RK,1,Picea abies,120,119,0,NA,NA,NA
2025-08-14,NEU,EP,2,8,2,2025-11-19,RK,2,Tilia cordata,35,35,0,NA,"small fracture in one seed, but not a hole or crack",NA
2025-08-14,NEU,EP,2,8,2,2025-11-19,RK,2,Fagus sylvatica,5,5,0,NA,NA,NA
2025-08-14,NEU,EP,2,8,2,2025-11-19,RK,2,Acer pseudoplatanus,9,9,0,NA,NA,NA
2025-08-14,NEU,EP,2,3,2,2025-11-19,RK,2,Tilia cordata,35,35,0,NA,NA,NA
2025-08-14,NEU,EP,2,3,2,2025-11-19,RK,2,Fagus sylvatica,5,5,0,NA,NA,NA
2025-08-14,NEU,EP,2,3,2,2025-11-19,RK,2,Acer pseudoplatanus,9,9,0,NA,NA,NA
2025-08-14,NEU,EP,2,9,2,2025-11-19,RK,2,Tilia cordata,35,36,0,NA,NA,NA
2025-08-14,NEU,EP,2,9,2,2025-11-19,RK,2,Fagus sylvatica,5,5,0,NA,NA,NA
2025-08-14,NEU,EP,2,9,2,2025-11-19,RK,2,Acer pseudoplatanus,9,9,0,NA,NA,NA
2025-08-14,NEU,EP,2,1,2,2025-11-19,RK,2,Tilia cordata,35,35,0,NA,NA,NA
2025-08-14,NEU,EP,2,1,2,2025-11-19,RK,2,Fagus sylvatica,5,5,0,NA,NA,NA
2025-08-14,NEU,EP,2,1,2,2025-11-19,RK,2,Acer pseudoplatanus,9,9,1,Hole,NA,NA
2025-08-14,NEU,EP,2,6,2,2025-11-19,RK,2,Tilia cordata,35,35,0,NA,NA,NA
2025-08-14,NEU,EP,2,6,2,2025-11-19,RK,2,Fagus sylvatica,5,5,0,NA,NA,NA
2025-08-14,NEU,EP,2,6,2,2025-11-19,RK,2,Acer pseudoplatanus,9,9,0,NA,NA,NA
2025-08-14,NEU,EP,2,2,2,2025-11-19,RK,2,Tilia cordata,35,33,0,NA,NA,NA
2025-08-14,NEU,EP,2,2,2,2025-11-19,RK,2,Fagus sylvatica,5,5,0,NA,NA,NA
2025-08-14,NEU,EP,2,2,2,2025-11-19,RK,2,Acer pseudoplatanus,9,9,1,Hole,NA,NA
2025-08-14,NEU,EP,2,4,2,2025-11-19,RK,2,Tilia cordata,35,35,0,NA,NA,NA
2025-08-14,NEU,EP,2,4,2,2025-11-19,RK,2,Fagus sylvatica,5,5,0,NA,NA,NA
2025-08-14,NEU,EP,2,4,2,2025-11-19,RK,2,Acer pseudoplatanus,9,9,0,NA,NA,NA
2025-08-14,NEU,EP,2,5,2,2025-11-19,RK,2,Tilia cordata,35,35,0,NA,NA,NA
2025-08-14,NEU,EP,2,5,2,2025-11-19,RK,2,Fagus sylvatica,5,5,0,NA,NA,NA
2025-08-14,NEU,EP,2,5,2,2025-11-19,RK,2,Acer pseudoplatanus,9,9,0,NA,NA,NA
2025-08-14,NEU,EP,2,10,2,2025-11-19,RK,2,Tilia cordata,35,35,0,NA,NA,NA
2025-08-14,NEU,EP,2,10,2,2025-11-19,RK,2,Fagus sylvatica,5,5,0,NA,NA,NA
2025-08-14,NEU,EP,2,10,2,2025-11-19,RK,2,Acer pseudoplatanus,9,9,0,NA,NA,NA
2025-08-14,NEU,EP,2,7,2,2025-11-19,RK,2,Tilia cordata,35,35,0,NA,NA,NA
2025-08-14,NEU,EP,2,7,2,2025-11-19,RK,2,Fagus sylvatica,5,5,0,NA,NA,NA
2025-08-14,NEU,EP,2,7,2,2025-11-19,RK,2,Acer pseudoplatanus,9,9,0,NA,NA,NA
2025-08-13,SCH,EP,2,5,2,2025-11-19,RK,3,Abies alba,25,25,1,Hole,NA,NA
2025-08-13,SCH,EP,2,5,2,2025-11-19,RK,3,Fagus sylvatica,5,5,0,NA,NA,NA
2025-08-13,SCH,EP,2,5,2,2025-11-19,RK,3,Acer pseudoplatanus,9,9,0,NA,NA,NA
2025-08-13,SCH,EP,2,8,2,2025-11-19,RK,3,Abies alba,25,25,0,NA,NA,NA
2025-08-13,SCH,EP,2,8,2,2025-11-19,RK,3,Fagus sylvatica,5,5,0,NA,NA,NA
2025-08-13,SCH,EP,2,8,2,2025-11-19,RK,3,Acer pseudoplatanus,9,9,0,NA,NA,NA
2025-08-13,SCH,EP,2,6,2,2025-11-19,RK,3,Abies alba,25,25,1,Hole,NA,NA
2025-08-13,SCH,EP,2,6,2,2025-11-19,RK,3,Fagus sylvatica,5,5,0,NA,NA,NA
2025-08-13,SCH,EP,2,6,2,2025-11-19,RK,3,Acer pseudoplatanus,9,9,1,Crack,NA,NA
2025-08-13,SCH,EP,2,2,2,2025-11-19,RK,3,Abies alba,25,25,2,Hole and Crack,looks gnawed?,NA
2025-08-13,SCH,EP,2,2,2,2025-11-19,RK,3,Fagus sylvatica,5,5,0,NA,NA,NA
2025-08-13,SCH,EP,2,2,2,2025-11-19,RK,3,Acer pseudoplatanus,9,9,0,NA,NA,NA
2025-08-13,SCH,EP,2,9,2,2025-11-19,RK,3,Abies alba,25,25,1,Hole,NA,NA
2025-08-13,SCH,EP,2,9,2,2025-11-19,RK,3,Fagus sylvatica,5,5,0,NA,NA,NA
2025-08-13,SCH,EP,2,9,2,2025-11-19,RK,3,Acer pseudoplatanus,9,9,0,NA,NA,NA
2025-09-17,VOR,EP,3,2,2,2025-11-19,RK,1,Abies alba,25,25,1,Hole,NA,NA
2025-09-17,VOR,EP,3,2,2,2025-11-19,RK,1,Fagus sylvatica,5,5,0,NA,NA,NA
2025-09-17,VOR,EP,3,2,2,2025-11-19,RK,1,Picea abies,120,118,0,NA,NA,NA
2025-09-17,VOR,EP,3,1,2,2025-11-19,RK,1,Abies alba,25,25,0,NA,NA,NA
2025-09-17,VOR,EP,3,1,2,2025-11-19,RK,1,Fagus sylvatica,5,5,0,NA,NA,NA
2025-09-17,VOR,EP,3,1,2,2025-11-19,RK,1,Picea abies,120,118,0,NA,NA,NA
2025-09-17,VOR,EP,3,3,2,2025-11-19,RK,1,Abies alba,25,25,0,NA,NA,NA
2025-09-17,VOR,EP,3,3,2,2025-11-19,RK,1,Fagus sylvatica,5,5,0,NA,NA,NA
2025-09-17,VOR,EP,3,3,2,2025-11-19,RK,1,Picea abies,120,122,1,Hole,NA,NA
2025-09-17,VOR,EP,3,6,2,2025-11-19,RK,1,Abies alba,25,25,0,NA,NA,NA
2025-09-17,VOR,EP,3,6,2,2025-11-19,RK,1,Fagus sylvatica,5,5,0,NA,NA,NA
2025-09-17,VOR,EP,3,6,2,2025-11-19,RK,1,Picea abies,120,120,0,NA,NA,NA
2025-09-17,VOR,EP,3,5,2,2025-11-19,RK,1,Abies alba,25,25,0,NA,NA,NA
2025-09-17,VOR,EP,3,5,2,2025-11-19,RK,1,Fagus sylvatica,5,5,0,NA,NA,NA
2025-09-17,VOR,EP,3,5,2,2025-11-19,RK,1,Picea abies,120,119,0,NA,NA,NA
2025-09-17,VOR,EP,3,4,2,2025-11-19,RK,1,Abies alba,25,25,0,NA,NA,NA
2025-09-17,VOR,EP,3,4,2,2025-11-19,RK,1,Fagus sylvatica,5,5,0,NA,NA,NA
2025-09-17,VOR,EP,3,4,2,2025-11-19,RK,1,Picea abies,120,138,0,NA,NA,NA
2025-08-13,SCH,EP,2,4,1,2025-08-22,EP,3,Fagus sylvatica,5,5,0,NA,NA,NA
2025-08-13,SCH,EP,2,4,1,2025-08-22,EP,3,Abies alba,25,25,0,NA,NA,NA
2025-08-13,SCH,EP,2,4,1,2025-08-22,EP,3,Acer pseudoplatanus,9,9,0,NA,NA,NA
2025-08-13,SCH,EP,2,2,1,2025-08-22,EP,3,Fagus sylvatica,5,5,0,NA,NA,NA
2025-08-13,SCH,EP,2,2,1,2025-08-22,EP,3,Abies alba,25,25,1,Hole,NA,NA
2025-08-13,SCH,EP,2,2,1,2025-08-22,EP,3,Acer pseudoplatanus,9,9,0,NA,1 seed with a cracked coat,NA
2025-08-13,SCH,EP,2,5,1,2025-08-22,EP,3,Fagus sylvatica,5,5,0,NA,NA,NA
2025-08-13,SCH,EP,2,5,1,2025-08-22,EP,3,Abies alba,25,25,0,NA,NA,NA
2025-08-13,SCH,EP,2,5,1,2025-08-22,EP,3,Acer pseudoplatanus,9,9,0,NA,NA,NA
2025-08-13,SCH,EP,2,9,1,2025-08-22,EP,3,Fagus sylvatica,5,5,0,NA,NA,NA
2025-08-13,SCH,EP,2,9,1,2025-08-22,EP,3,Abies alba,25,25,0,NA,NA,NA
2025-08-13,SCH,EP,2,9,1,2025-08-22,EP,3,Acer pseudoplatanus,9,9,0,NA,plus 2 external seeds burned/rotten,NA
2025-08-13,SCH,EP,2,3,1,2025-08-22,EP,3,Fagus sylvatica,5,5,0,NA,NA,NA
2025-08-13,SCH,EP,2,3,1,2025-08-22,EP,3,Abies alba,25,25,0,NA,NA,NA
2025-08-13,SCH,EP,2,3,1,2025-08-22,EP,3,Acer pseudoplatanus,9,9,0,NA,NA,NA
2025-08-13,SCH,EP,2,8,1,2025-08-22,EP,3,Fagus sylvatica,5,5,0,NA,NA,NA
2025-08-13,SCH,EP,2,8,1,2025-08-22,EP,3,Abies alba,25,25,0,NA,NA,NA
2025-08-13,SCH,EP,2,8,1,2025-08-22,EP,3,Acer pseudoplatanus,9,9,0,NA,NA,NA
2025-08-13,SCH,EP,2,10,1,2025-08-22,EP,3,Fagus sylvatica,5,5,0,NA,NA,NA
2025-08-13,SCH,EP,2,10,1,2025-08-22,EP,3,Abies alba,25,25,0,NA,NA,NA
2025-08-13,SCH,EP,2,10,1,2025-08-22,EP,3,Acer pseudoplatanus,9,9,0,NA,2 seeds with cracked coats,NA
2025-08-13,SCH,EP,2,1,1,2025-08-22,EP,3,Fagus sylvatica,5,5,0,NA,NA,NA
2025-08-13,SCH,EP,2,1,1,2025-08-22,EP,3,Abies alba,25,25,0,NA,NA,NA
2025-08-13,SCH,EP,2,1,1,2025-08-22,EP,3,Acer pseudoplatanus,9,9,0,NA,NA,NA
2025-08-20,SCH,EP,3,7,1,2025-08-22,EP,3,Fagus sylvatica,5,5,0,NA,NA,NA
2025-08-20,SCH,EP,3,7,1,2025-08-22,EP,3,Abies alba,25,25,1,Hole,NA,NA
2025-08-20,SCH,EP,3,7,1,2025-08-22,EP,3,Acer pseudoplatanus,9,9,1,Crack,1 seed with a cracked coat,NA
2025-08-20,SCH,EP,3,9,1,2025-08-22,EP,3,Fagus sylvatica,5,5,0,NA,NA,NA
2025-08-20,SCH,EP,3,9,1,2025-08-22,EP,3,Abies alba,25,25,0,NA,NA,NA
2025-08-20,SCH,EP,3,9,1,2025-08-22,EP,3,Acer pseudoplatanus,9,9,0,NA,NA,NA
2025-08-20,SCH,EP,3,6,1,2025-08-22,EP,3,Fagus sylvatica,5,5,0,NA,NA,NA
2025-08-20,SCH,EP,3,6,1,2025-08-22,EP,3,Abies alba,25,25,0,NA,NA,NA
2025-08-20,SCH,EP,3,6,1,2025-08-22,EP,3,Acer pseudoplatanus,9,9,0,NA,1 seed with a cracked coat,NA
2025-08-20,SCH,EP,3,8,1,2025-08-22,EP,3,Fagus sylvatica,5,5,0,NA,NA,NA
2025-08-20,SCH,EP,3,8,1,2025-08-22,EP,3,Abies alba,25,25,0,NA,NA,NA
2025-08-20,SCH,EP,3,8,1,2025-08-22,EP,3,Acer pseudoplatanus,9,9,0,NA,NA,NA
2025-08-20,SCH,EP,3,2,1,2025-08-22,EP,3,Fagus sylvatica,5,5,0,NA,NA,NA
2025-08-20,SCH,EP,3,2,1,2025-08-22,EP,3,Abies alba,25,25,0,NA,NA,NA
2025-08-20,SCH,EP,3,2,1,2025-08-22,EP,3,Acer pseudoplatanus,9,35,0,NA,human error,NA
2025-08-20,SCH,EP,3,10,1,2025-08-22,EP,3,Fagus sylvatica,5,5,0,NA,NA,NA
2025-08-20,SCH,EP,3,10,1,2025-08-22,EP,3,Abies alba,25,25,0,NA,NA,NA
2025-08-20,SCH,EP,3,10,1,2025-08-22,EP,3,Acer pseudoplatanus,9,9,0,NA,NA,NA
2025-08-20,SCH,EP,3,1,1,2025-08-22,EP,3,Fagus sylvatica,5,5,0,NA,NA,NA
2025-08-20,SCH,EP,3,1,1,2025-08-22,EP,3,Abies alba,25,25,1,Crack,NA,NA
2025-08-20,SCH,EP,3,1,1,2025-08-22,EP,3,Acer pseudoplatanus,9,35,0,NA,human error,NA
2025-08-20,SCH,EP,3,5,1,2025-08-22,EP,3,Fagus sylvatica,5,5,0,NA,NA,NA
2025-08-20,SCH,EP,3,5,1,2025-08-22,EP,3,Abies alba,25,25,0,NA,NA,NA
2025-08-20,SCH,EP,3,5,1,2025-08-22,EP,3,Acer pseudoplatanus,9,35,0,NA,human error,NA
2025-08-20,SCH,EP,3,4,1,2025-08-22,EP,3,Fagus sylvatica,5,5,0,NA,NA,NA
2025-08-20,SCH,EP,3,4,1,2025-08-22,EP,3,Abies alba,25,25,0,NA,NA,NA
2025-08-20,SCH,EP,3,4,1,2025-08-22,EP,3,Acer pseudoplatanus,9,35,0,NA,NA,NA
2025-08-20,SCH,EP,3,3,1,2025-08-22,EP,3,Fagus sylvatica,5,5,0,NA,NA,NA
2025-08-20,SCH,EP,3,3,1,2025-08-22,EP,3,Abies alba,25,26,0,NA,human error,NA
2025-08-20,SCH,EP,3,3,1,2025-08-22,EP,3,Acer pseudoplatanus,9,35,0,NA,human error,NA
2025-08-21,NEU,EP,3,1,1,2025-10-13,CT,2,Acer pseudoplatanus,9,2,0,NA,NA,0.23665
2025-08-21,NEU,EP,3,1,1,2025-10-13,CT,2,Fagus sylvatica,5,0,0,NA,NA,0.09979
2025-08-21,NEU,EP,3,1,1,2025-10-13,CT,2,Tilia cordata,35,12,12,Hole and Crack,NA,0.319
2025-08-06,SCH,EP,1,6,1,2025-08-11,CT,3,Abies alba,25,25,1,Hole,NA,NA
2025-08-06,SCH,EP,1,6,1,2025-08-11,CT,3,Fagus sylvatica,5,5,0,NA,NA,NA
2025-08-06,SCH,EP,1,6,1,2025-08-11,CT,3,Acer pseudoplatanus,9,8,1,Hole,NA,NA
2025-08-13,SCH,EP,2,1,2,2025-08-20,EP,3,Abies alba,25,25,0,NA,NA,NA
2025-08-13,SCH,EP,2,1,2,2025-08-20,EP,3,Fagus sylvatica,5,5,2,Crack,NA,NA
2025-08-13,SCH,EP,2,1,2,2025-08-20,EP,3,Acer pseudoplatanus,9,9,0,NA,NA,NA
