DateBag;Site;ID;Week;Station;TreatmentNr;DateSorting;SorterID;SpeciesTreatmentNr;Species;NbSeedStart;SeedsCount;DamagedSeedsCount;SignsPredation;Notes;
10.10.2024;BEA;MD&SG;1;1;2;18.02.2025;CT;5;Abies alba;25;25;0;;;
10.10.2024;BEA;MD&SG;1;1;2;18.02.2025;CT;5;Picea abies;120;120;0;;;
10.10.2024;BEA;MD&SG;1;1;1;17.02.2025;CT;5;Abies alba;25;24;1;Crack;;
10.10.2024;BEA;MD&SG;1;1;1;17.02.2025;CT;5;Picea abies;120;120;3;Hole;;
17.10.2024;BEA;SG&JK;2;1;1;20.01.2025;CT;5;Abies alba;25;25;2;Hole and Crack;;
17.10.2024;BEA;SG&JK;2;1;1;20.01.2025;CT;5;Picea abies;120;120;1;Crack;Part of seed missing;
17.10.2024;BEA;SG&JK;2;1;2;20.01.2025;CT;5;Abies alba;25;25;2;Hole;Ant in sample;
17.10.2024;BEA;SG&JK;2;1;2;20.01.2025;CT;5;Picea abies;120;120;0;;Ant in sample;
24.10.2024;BEA;MD;3;1;1;30.10.2024;CW;5;Abies alba;25;25;1;Hole;;
24.10.2024;BEA;MD;3;1;1;30.10.2024;CW;5;Picea abies;120;120;;;;
24.10.2024;BEA;MD;3;1;2;30.10.2024;CW;5;Abies alba;25;25;;;5 fagus sylvatica;
24.10.2024;BEA;MD;3;1;2;30.10.2024;CW;5;Picea abies;120;120;;;;
10.10.2024;BEA;MD&SG;1;2;2;18.02.2025;CT;5;Abies alba;25;24;1;Hole;Remains of hair and fur;
10.10.2024;BEA;MD&SG;1;2;2;18.02.2025;CT;5;Picea abies;120;120;1;Hole;Remains of hair and fur;
10.10.2024;BEA;MD&SG;1;2;1;17.02.2025;CT;5;Abies alba;25;25;1;Hole;;
10.10.2024;BEA;MD&SG;1;2;1;17.02.2025;CT;5;Picea abies;120;120;0;;;
17.10.2024;BEA;SG&JK;2;2;1;12.02.2025;CT;5;Abies alba;25;25;0;;Some seeds of different species & a lot of resin;
17.10.2024;BEA;SG&JK;2;2;1;12.02.2025;CT;5;Picea abies;120;120;0;;;
17.10.2024;BEA;SG&JK;2;2;2;12.02.2025;CT;5;Abies alba;25;25;0;;;
17.10.2024;BEA;SG&JK;2;2;2;12.02.2025;CT;5;Picea abies;120;120;0;;;
24.10.2024;BEA;MD;3;2;1;30.10.2024;CW;5;Abies alba;25;25;;;1 ant, 5 fagus sylvatica;
24.10.2024;BEA;MD;3;2;1;30.10.2024;CW;5;Picea abies;120;120;;;;
24.10.2024;BEA;MD;3;2;2;30.10.2024;CW;5;Abies alba;25;25;;;;
24.10.2024;BEA;MD;3;2;2;30.10.2024;CW;5;Picea abies;120;120;1;Hole;;
10.10.2024;BEA;MD&SG;1;3;2;21.01.2025;CT;5;Abies alba;25;25;0;;2 ants in sample;
10.10.2024;BEA;MD&SG;1;3;2;21.01.2025;CT;5;Picea abies;120;120;0;;2 ants in sample;
10.10.2024;BEA;MD&SG;1;3;1;17.02.2025;CT;5;Abies alba;25;25;0;;;
10.10.2024;BEA;MD&SG;1;3;1;17.02.2025;CT;5;Picea abies;120;120;1;Hole;;
17.10.2024;BEA;SG&JK;2;3;2;21.01.2025;CT;5;Abies alba;25;25;0;;Bug in sample;
17.10.2024;BEA;SG&JK;2;3;2;21.01.2025;CT;5;Picea abies;120;121;0;;Bug in sample;
17.10.2024;BEA;SG&JK;2;3;1;17.02.2025;CT;5;Abies alba;25;25;1;Hole;;
17.10.2024;BEA;SG&JK;2;3;1;17.02.2025;CT;5;Picea abies;120;121;0;;;
24.10.2024;BEA;MD;3;3;1;30.10.2024;CW;5;Abies alba;25;25;;;;
24.10.2024;BEA;MD;3;3;1;30.10.2024;CW;5;Picea abies;120;120;;;;
24.10.2024;BEA;MD;3;3;2;30.10.2024;CW;5;Abies alba;25;25;;;;
24.10.2024;BEA;MD;3;3;2;30.10.2024;CW;5;Picea abies;120;120;1;Hole;;
10.10.2024;BEA;MD&SG;1;4;1;20.01.2025;CT;5;Abies alba;25;25;0;;;
10.10.2024;BEA;MD&SG;1;4;1;20.01.2025;CT;5;Picea abies;120;120;0;;;
10.10.2024;BEA;MD&SG;1;4;2;20.01.2025;CT;5;Abies alba;25;25;0;;;
10.10.2024;BEA;MD&SG;1;4;2;20.01.2025;CT;5;Picea abies;120;120;0;;;
17.10.2024;BEA;SG&JK;2;4;1;12.02.2025;CT;5;Abies alba;25;25;0;;;
17.10.2024;BEA;SG&JK;2;4;1;12.02.2025;CT;5;Picea abies;120;120;0;;;
17.10.2024;BEA;SG&JK;2;4;2;12.02.2025;CT;5;Abies alba;25;25;0;;;
17.10.2024;BEA;SG&JK;2;4;2;12.02.2025;CT;5;Picea abies;120;120;0;;;
24.10.2024;BEA;MD;3;4;1;30.10.2024;CW;5;Abies alba;25;25;;;5 fagus sylvatica;
24.10.2024;BEA;MD;3;4;1;30.10.2024;CW;5;Picea abies;120;120;;;;
24.10.2024;BEA;MD;3;4;2;30.10.2024;CW;5;Abies alba;25;25;;;;
24.10.2024;BEA;MD;3;4;2;30.10.2024;CW;5;Picea abies;120;120;1;Crack;;
10.10.2024;BEA;MD&SG;1;5;1;18.02.2025;CT;5;Abies alba;25;25;0;;;
10.10.2024;BEA;MD&SG;1;5;1;18.02.2025;CT;5;Picea abies;120;122;0;;;
10.10.2024;BEA;MD&SG;1;5;2;17.02.2025;CT;5;Abies alba;25;25;0;;;
10.10.2024;BEA;MD&SG;1;5;2;17.02.2025;CT;5;Picea abies;120;124;3;Hole;;
17.10.2024;BEA;SG&JK;2;5;2;21.01.2025;CT;5;Abies alba;25;25;2;Crack;Bug in sample, Part of seeds missing;
17.10.2024;BEA;SG&JK;2;5;2;21.01.2025;CT;5;Picea abies;120;120;0;;Bug in sample;
17.10.2024;BEA;SG&JK;2;5;1;12.02.2025;CT;5;Abies alba;25;25;0;;;
17.10.2024;BEA;SG&JK;2;5;1;12.02.2025;CT;5;Picea abies;120;119;0;;;
24.10.2024;BEA;MD;3;5;1;30.10.2024;CW;5;Abies alba;25;25;;;10 mosquitos, 1 spider;
24.10.2024;BEA;MD;3;5;1;30.10.2024;CW;5;Picea abies;120;119;;;;
24.10.2024;BEA;MD;3;5;2;02.11.2024;CW;5;Abies alba;25;25;;;Plus 100 mosquitos;
24.10.2024;BEA;MD;3;5;2;02.11.2024;CW;5;Picea abies;120;120;;;;
10.10.2024;BEA;SG&JK;1;6;1;21.01.2025;CT;5;Abies alba;25;24;1;Crack;Part of seed missing;
10.10.2024;BEA;SG&JK;1;6;1;21.01.2025;CT;5;Picea abies;120;120;0;;2 Bugs in sample;
10.10.2024;BEA;MD&SG;1;6;2;21.01.2025;CT;5;Abies alba;25;25;1;Hole;Ant in sample;
10.10.2024;BEA;MD&SG;1;6;2;21.01.2025;CT;5;Picea abies;120;120;0;;Ant in sample;
17.10.2024;BEA;SG&JK;2;6;2;20.01.2025;CT;5;Abies alba;25;25;0;;;
17.10.2024;BEA;SG&JK;2;6;2;20.01.2025;CT;5;Picea abies;120;120;0;;;
17.10.2024;BEA;SG&JK;2;6;1;12.02.2025;CT;5;Abies alba;25;25;0;;;
17.10.2024;BEA;SG&JK;2;6;1;12.02.2025;CT;5;Picea abies;120;120;0;;;
24.10.2024;BEA;MD;3;6;1;02.11.2024;CW;5;Abies alba;25;25;;;;
24.10.2024;BEA;MD;3;6;1;02.11.2024;CW;5;Picea abies;120;120;;;;
24.10.2024;BEA;MD;3;6;2;02.11.2024;CW;5;Abies alba;25;25;;;;
24.10.2024;BEA;MD;3;6;2;02.11.2024;CW;5;Picea abies;120;120;;;;
10.10.2024;BEA;MD&SG;1;7;1;18.02.2025;CT;5;Abies alba;25;24;1;Hole;;
10.10.2024;BEA;MD&SG;1;7;1;18.02.2025;CT;5;Picea abies;120;121;1;Hole;;
10.10.2024;BEA;MD&SG;1;7;2;17.02.2025;CT;5;Abies alba;25;25;0;;;
10.10.2024;BEA;MD&SG;1;7;2;17.02.2025;CT;5;Picea abies;120;122;0;;;
17.10.2024;BEA;SG&JK;2;7;2;20.01.2025;CT;5;Abies alba;25;25;1;;Hole;
17.10.2024;BEA;SG&JK;2;7;2;20.01.2025;CT;5;Picea abies;120;0;0;;;
17.10.2024;BEA;SG&JK;2;7;1;12.02.2025;CT;5;Abies alba;25;25;0;;Several dead ants in sample;
17.10.2024;BEA;SG&JK;2;7;1;12.02.2025;CT;5;Picea abies;120;120;2;Hole;Several dead ants in sample;
24.10.2024;BEA;MD;3;7;1;02.11.2024;CW;5;Abies alba;25;25;;;1 ant;
24.10.2024;BEA;MD;3;7;1;02.11.2024;CW;5;Picea abies;120;120;;;;
24.10.2024;BEA;MD;3;7;2;02.11.2024;CW;5;Abies alba;25;25;;;;
24.10.2024;BEA;MD;3;7;2;02.11.2024;CW;5;Picea abies;120;120;1;Crack;2 ants, 10 other insects;
10.10.2024;BEA;SG&JK;1;8;2;21.01.2025;CT;5;Abies alba;25;25;2;Hole and Crack;Bug and ant in sample;
10.10.2024;BEA;SG&JK;1;8;2;21.01.2025;CT;5;Picea abies;120;120;2;Hole and Crack;Bug and ant in sample, Part of 1 seed missing;
10.10.2024;BEA;MD&SG;1;8;1;17.02.2025;CT;5;Abies alba;25;25;0;;;
10.10.2024;BEA;MD&SG;1;8;1;17.02.2025;CT;5;Picea abies;120;119;1;Crack;;
17.10.2024;BEA;SG&JK;2;8;2;20.01.2025;CT;5;Abies alba;25;25;0;;Bug and ant in sample;
17.10.2024;BEA;SG&JK;2;8;2;20.01.2025;CT;5;Picea abies;120;120;0;;Bug and ant in sample;
17.10.2024;BEA;SG&JK;2;8;1;21.01.2025;CT;5;Abies alba;25;25;1;Hole;Bug and ant in sample;
17.10.2024;BEA;SG&JK;2;8;1;21.01.2025;CT;5;Picea abies;120;120;2;Hole and Crack;Bug and ant in sample;
24.10.2024;BEA;MD;3;8;1;02.11.2024;CW;5;Abies alba;25;25;;;;
24.10.2024;BEA;MD;3;8;1;02.11.2024;CW;5;Picea abies;120;120;1;Crack;Plus 100 mosquitos;
24.10.2024;BEA;MD;3;8;2;02.11.2024;CW;5;Abies alba;25;25;;;;
24.10.2024;BEA;MD;3;8;2;02.11.2024;CW;5;Picea abies;120;120;;;;
10.10.2024;BEA;MD&SG;1;9;1;17.02.2025;CT;5;Abies alba;25;25;0;;;
10.10.2024;BEA;MD&SG;1;9;1;17.02.2025;CT;5;Picea abies;120;120;0;;;
10.10.2024;BEA;MD&SG;1;9;2;17.02.2025;CT;5;Abies alba;25;25;1;Crack;;
10.10.2024;BEA;MD&SG;1;9;2;17.02.2025;CT;5;Picea abies;120;118;0;;;
17.10.2024;BEA;SG&JK;2;9;1;12.02.2025;CT;5;Abies alba;25;25;0;;;
17.10.2024;BEA;SG&JK;2;9;1;12.02.2025;CT;5;Picea abies;120;120;0;;;
17.10.2024;BEA;SG&JK;2;9;2;12.02.2025;CT;5;Abies alba;25;25;1;Hole;;
17.10.2024;BEA;SG&JK;2;9;2;12.02.2025;CT;5;Picea abies;120;120;0;;;
24.10.2024;BEA;MD;3;9;1;02.11.2024;CW;5;Abies alba;25;25;;;;
24.10.2024;BEA;MD;3;9;1;02.11.2024;CW;5;Picea abies;120;120;;;1 ant, 3 other insects;
24.10.2024;BEA;MD;3;9;2;02.11.2024;CW;5;Abies alba;25;25;1;Hole;;
24.10.2024;BEA;MD;3;9;2;02.11.2024;CW;5;Picea abies;120;120;;;5 fagus sylvatica, 1 ant, 6 other insects;
10.10.2024;BEA;MD&SG;1;10;1;21.01.2025;CT;5;Abies alba;25;25;0;;;
10.10.2024;BEA;MD&SG;1;10;1;21.01.2025;CT;5;Picea abies;120;120;0;;;
10.10.2024;BEA;MD&SG;1;10;2;17.02.2025;CT;5;Abies alba;25;25;0;;;
10.10.2024;BEA;MD&SG;1;10;2;17.02.2025;CT;5;Picea abies;120;119;0;;;
17.10.2024;BEA;SG&JK;2;10;2;20.01.2025;CT;5;Abies alba;25;25;0;;Bug in sample;
17.10.2024;BEA;SG&JK;2;10;2;20.01.2025;CT;5;Picea abies;120;120;0;;Bug in sample;
17.10.2024;BEA;SG&JK;2;10;1;12.02.2025;CT;5;Abies alba;25;25;1;Crack;;
17.10.2024;BEA;SG&JK;2;10;1;12.02.2025;CT;5;Picea abies;120;118;0;;;
24.10.2024;BEA;MD;3;10;1;02.11.2024;CW;5;Abies alba;25;25;;;;
24.10.2024;BEA;MD;3;10;1;02.11.2024;CW;5;Picea abies;120;120;1;Crack;1 catapillar;
24.10.2024;BEA;MD;3;10;2;02.11.2024;CW;5;Abies alba;25;25;;;;
24.10.2024;BEA;MD;3;10;2;02.11.2024;CW;5;Picea abies;120;121;;;1 extra seed;
09.10.2024;BET;MD&SG;1;1;1;28.04.2025;CT;1;Abies alba;25;25;0;;;
09.10.2024;BET;MD&SG;1;1;1;28.04.2025;CT;1;Fagus sylvatica;5;5;0;;;
09.10.2024;BET;MD&SG;1;1;1;28.04.2025;CT;1;Picea abies;120;119;1;Hole;;
09.10.2024;BET;MD&SG;1;1;2;29.04.2025;CT;1;Abies alba;25;25;0;;;
09.10.2024;BET;MD&SG;1;1;2;29.04.2025;CT;1;Fagus sylvatica;5;5;0;;;
09.10.2024;BET;MD&SG;1;1;2;29.04.2025;CT;1;Picea abies;120;121;0;;;
09.10.2024;BET;MD&SG;1;2;2;22.04.2025;CT;1;Abies alba;25;25;0;;;
09.10.2024;BET;MD&SG;1;2;2;22.04.2025;CT;1;Fagus sylvatica;5;5;0;;;
09.10.2024;BET;MD&SG;1;2;2;22.04.2025;CT;1;Picea abies;120;119;0;;;
09.10.2024;BET;MD&SG;1;2;1;30.04.2025;CT;1;Abies alba;25;25;0;;;
09.10.2024;BET;MD&SG;1;2;1;30.04.2025;CT;1;Fagus sylvatica;5;5;0;;;
09.10.2024;BET;MD&SG;1;2;1;30.04.2025;CT;1;Picea abies;120;120;1;Hole;;
09.10.2024;BET;MD&SG;1;3;2;28.04.2025;CT;1;Abies alba;25;24;1;Hole;;
09.10.2024;BET;MD&SG;1;3;2;28.04.2025;CT;1;Fagus sylvatica;5;5;0;;;
09.10.2024;BET;MD&SG;1;3;2;28.04.2025;CT;1;Picea abies;120;120;1;Hole;;
09.10.2024;BET;MD&SG;1;3;1;05.05.2025;CT;1;Abies alba;25;25;0;;;
09.10.2024;BET;MD&SG;1;3;1;05.05.2025;CT;1;Fagus sylvatica;5;5;0;;;
09.10.2024;BET;MD&SG;1;3;1;05.05.2025;CT;1;Picea abies;120;121;0;;;
09.10.2024;BET;MD&SG;1;4;2;22.04.2025;CT;1;Abies alba;25;25;0;;;
09.10.2024;BET;MD&SG;1;4;2;22.04.2025;CT;1;Fagus sylvatica;5;5;0;;;
09.10.2024;BET;MD&SG;1;4;2;22.04.2025;CT;1;Picea abies;120;121;0;;;
09.10.2024;BET;MD&SG;1;4;1;30.04.2025;CT;1;Abies alba;25;25;0;;;
09.10.2024;BET;MD&SG;1;4;1;30.04.2025;CT;1;Fagus sylvatica;5;5;0;;;
09.10.2024;BET;MD&SG;1;4;1;30.04.2025;CT;1;Picea abies;120;120;2;Hole;;
09.10.2024;BET;MD&SG;1;5;2;22.04.2025;CT;1;Abies alba;25;25;0;;;
09.10.2024;BET;MD&SG;1;5;2;22.04.2025;CT;1;Fagus sylvatica;5;5;0;;;
09.10.2024;BET;MD&SG;1;5;2;22.04.2025;CT;1;Picea abies;120;120;1;Crack;;
09.10.2024;BET;MD&SG;1;5;1;05.05.2025;CT;1;Abies alba;25;25;0;;;
09.10.2024;BET;MD&SG;1;5;1;05.05.2025;CT;1;Fagus sylvatica;5;5;0;;;
09.10.2024;BET;MD&SG;1;5;1;05.05.2025;CT;1;Picea abies;120;123;0;;;
09.10.2024;BET;MD&SG;1;6;1;15.04.2025;CT;1;Abies alba;25;24;1;Hole;;
09.10.2024;BET;MD&SG;1;6;1;15.04.2025;CT;1;Fagus sylvatica;5;0;0;;;
09.10.2024;BET;MD&SG;1;6;1;15.04.2025;CT;1;Picea abies;120;15;0;;;
09.10.2024;BET;MD&SG;1;6;2;28.04.2025;CT;1;Abies alba;25;25;1;Crack;;
09.10.2024;BET;MD&SG;1;6;2;28.04.2025;CT;1;Fagus sylvatica;5;5;1;Hole;;
09.10.2024;BET;MD&SG;1;6;2;28.04.2025;CT;1;Picea abies;120;121;1;Hole;;
09.10.2024;BET;MD&SG;1;7;2;22.04.2025;CT;1;Abies alba;25;25;0;;;
09.10.2024;BET;MD&SG;1;7;2;22.04.2025;CT;1;Fagus sylvatica;5;5;0;;;
09.10.2024;BET;MD&SG;1;7;2;22.04.2025;CT;1;Picea abies;120;119;0;;;
09.10.2024;BET;MD&SG;1;7;1;28.04.2025;CT;1;Abies alba;25;25;1;Crack;;
09.10.2024;BET;MD&SG;1;7;1;28.04.2025;CT;1;Fagus sylvatica;5;5;0;;;
09.10.2024;BET;MD&SG;1;7;1;28.04.2025;CT;1;Picea abies;120;121;0;;;
09.10.2024;BET;MD&SG;1;8;1;22.04.2025;CT;1;Abies alba;25;24;0;;;
09.10.2024;BET;MD&SG;1;8;1;22.04.2025;CT;1;Fagus sylvatica;5;5;0;;;
09.10.2024;BET;MD&SG;1;8;1;22.04.2025;CT;1;Picea abies;120;120;1;;;
09.10.2024;BET;MD&SG;1;8;2;30.04.2025;CT;1;Abies alba;25;25;0;;;
09.10.2024;BET;MD&SG;1;8;2;30.04.2025;CT;1;Fagus sylvatica;5;6;0;;;
09.10.2024;BET;MD&SG;1;8;2;30.04.2025;CT;1;Picea abies;120;120;2;Hole;;
09.10.2024;BET;MD&SG;1;9;2;30.04.2025;CT;1;Abies alba;25;25;1;Crack;;
09.10.2024;BET;MD&SG;1;9;2;30.04.2025;CT;1;Fagus sylvatica;5;5;0;;;
09.10.2024;BET;MD&SG;1;9;2;30.04.2025;CT;1;Picea abies;120;120;0;;;
09.10.2024;BET;MD&SG;1;9;1;05.05.2025;CT;1;Abies alba;25;25;0;;;
09.10.2024;BET;MD&SG;1;9;1;05.05.2025;CT;1;Fagus sylvatica;5;5;0;;;
09.10.2024;BET;MD&SG;1;9;1;05.05.2025;CT;1;Picea abies;120;120;0;;;
09.10.2024;BET;MD&SG;1;10;1;28.04.2025;CT;1;Abies alba;25;25;0;;;
09.10.2024;BET;MD&SG;1;10;1;28.04.2025;CT;1;Fagus sylvatica;5;5;0;;;
09.10.2024;BET;MD&SG;1;10;1;28.04.2025;CT;1;Picea abies;120;120;0;;;
09.10.2024;BET;MD&SG;1;10;2;05.05.2025;CT;1;Abies alba;25;25;0;;;
09.10.2024;BET;MD&SG;1;10;2;05.05.2025;CT;1;Fagus sylvatica;5;5;0;;;
09.10.2024;BET;MD&SG;1;10;2;05.05.2025;CT;1;Picea abies;120;118;0;;;
16.10.2024;BET;SG&JK;2;1;1;15.04.2025;CT;1;Abies alba;25;25;2;Crack;A lot of ants and isopods;
16.10.2024;BET;SG&JK;2;1;1;15.04.2025;CT;1;Fagus sylvatica;5;5;2;Hole and Crack;A lot of ants and isopods;
16.10.2024;BET;SG&JK;2;1;1;15.04.2025;CT;1;Picea abies;120;121;0;;A lot of ants and isopods;
16.10.2024;BET;SG&JK;2;1;2;05.05.2025;CT;1;Abies alba;25;25;0;;A lot of isopods;
16.10.2024;BET;SG&JK;2;1;2;05.05.2025;CT;1;Fagus sylvatica;5;5;0;;A lot of isopods;
16.10.2024;BET;SG&JK;2;1;2;05.05.2025;CT;1;Picea abies;120;119;1;Crack;A lot of isopods;
16.10.2024;BET;SG&JK;2;2;2;22.04.2025;CT;1;Abies alba;25;25;1;Crack;;
16.10.2024;BET;SG&JK;2;2;2;22.04.2025;CT;1;Fagus sylvatica;5;5;0;;;
16.10.2024;BET;SG&JK;2;2;2;22.04.2025;CT;1;Picea abies;120;120;0;;;
16.10.2024;BET;SG&JK;2;2;1;29.04.2025;CT;1;Abies alba;25;25;1;Crack;;
16.10.2024;BET;SG&JK;2;2;1;29.04.2025;CT;1;Fagus sylvatica;5;5;0;;;
16.10.2024;BET;SG&JK;2;2;1;29.04.2025;CT;1;Picea abies;120;119;2;Hole;;
16.10.2024;BET;MD&SG;2;3;1;28.04.2025;CT;1;Abies alba;25;25;2;Hole and Crack;;
16.10.2024;BET;MD&SG;2;3;1;28.04.2025;CT;1;Fagus sylvatica;5;5;0;;;
16.10.2024;BET;MD&SG;2;3;1;28.04.2025;CT;1;Picea abies;120;120;0;;;
16.10.2024;BET;SG&JK;2;3;2;29.04.2025;CT;1;Abies alba;25;25;4;Hole;;
16.10.2024;BET;SG&JK;2;3;2;29.04.2025;CT;1;Fagus sylvatica;5;5;0;;;
16.10.2024;BET;SG&JK;2;3;2;29.04.2025;CT;1;Picea abies;120;118;1;Crack;;
16.10.2024;BET;SG&JK;2;4;1;28.04.2025;CT;1;Abies alba;25;25;2;Hole and Crack;;
16.10.2024;BET;SG&JK;2;4;1;28.04.2025;CT;1;Fagus sylvatica;5;5;0;;;
16.10.2024;BET;SG&JK;2;4;1;28.04.2025;CT;1;Picea abies;120;120;0;;;
16.10.2024;BET;SG&JK;2;4;2;05.05.2025;CT;1;Abies alba;25;25;1;Crack;A lot of isopods;
16.10.2024;BET;SG&JK;2;4;2;05.05.2025;CT;1;Fagus sylvatica;5;5;0;;A lot of isopods;
16.10.2024;BET;SG&JK;2;4;2;05.05.2025;CT;1;Picea abies;120;120;0;;A lot of isopods;
16.10.2024;BET;SG&JK;2;5;1;30.04.2025;CT;1;Abies alba;25;25;3;Hole;;
16.10.2024;BET;SG&JK;2;5;1;30.04.2025;CT;1;Fagus sylvatica;5;5;0;;;
16.10.2024;BET;SG&JK;2;5;1;30.04.2025;CT;1;Picea abies;120;118;0;;;
16.10.2024;BET;SG&JK;2;5;2;05.05.2025;CT;1;Abies alba;25;25;0;;;
16.10.2024;BET;SG&JK;2;5;2;05.05.2025;CT;1;Fagus sylvatica;5;5;1;Hole;;
16.10.2024;BET;SG&JK;2;5;2;05.05.2025;CT;1;Picea abies;120;120;0;;;
16.10.2024;BET;MD&SG;2;6;2;28.04.2025;CT;1;Abies alba;25;25;1;Crack;;
16.10.2024;BET;MD&SG;2;6;2;28.04.2025;CT;1;Fagus sylvatica;5;5;0;;;
16.10.2024;BET;MD&SG;2;6;2;28.04.2025;CT;1;Picea abies;120;121;0;;;
16.10.2024;BET;SG&JK;2;6;1;05.05.2025;CT;1;Abies alba;25;25;0;;;
16.10.2024;BET;SG&JK;2;6;1;05.05.2025;CT;1;Fagus sylvatica;5;0;0;;;
16.10.2024;BET;SG&JK;2;6;1;05.05.2025;CT;1;Picea abies;120;20;0;;A lot of empty seed coats;
16.10.2024;BET;SG&JK;2;7;2;29.04.2025;CT;1;Abies alba;25;25;0;;;
16.10.2024;BET;SG&JK;2;7;2;29.04.2025;CT;1;Fagus sylvatica;5;5;0;;;
16.10.2024;BET;SG&JK;2;7;2;29.04.2025;CT;1;Picea abies;120;119;0;;;
16.10.2024;BET;SG&JK;2;7;1;30.04.2025;CT;1;Abies alba;25;25;0;;A lot of bug in sample;
16.10.2024;BET;SG&JK;2;7;1;30.04.2025;CT;1;Fagus sylvatica;5;0;0;;A lot of bug in sample;
16.10.2024;BET;SG&JK;2;7;1;30.04.2025;CT;1;Picea abies;120;0;0;;A lot of bug in sample;
16.10.2024;BET;SG&JK;2;8;1;28.04.2025;CT;1;Abies alba;25;25;0;;;
16.10.2024;BET;SG&JK;2;8;1;28.04.2025;CT;1;Fagus sylvatica;5;5;0;;;
16.10.2024;BET;SG&JK;2;8;1;28.04.2025;CT;1;Picea abies;120;119;0;;;
16.10.2024;BET;MD;2;8;2;14.04.2025;CT;1;Abies alba;25;25;1;Hole;;
16.10.2024;BET;MD;2;8;2;14.04.2025;CT;1;Fagus sylvatica;5;6;0;;;
16.10.2024;BET;MD;2;8;2;14.04.2025;CT;1;Picea abies;120;120;0;;;
16.10.2024;BET;SG&JK;2;9;1;15.04.2025;CT;1;Abies alba;25;25;1;;;
16.10.2024;BET;SG&JK;2;9;1;15.04.2025;CT;1;Fagus sylvatica;5;5;0;;;
16.10.2024;BET;SG&JK;2;9;1;15.04.2025;CT;1;Picea abies;120;120;0;;;
16.10.2024;BET;SG&JK;2;9;2;30.04.2025;CT;1;Abies alba;25;25;0;;;
16.10.2024;BET;SG&JK;2;9;2;30.04.2025;CT;1;Fagus sylvatica;5;5;0;;;
16.10.2024;BET;SG&JK;2;9;2;30.04.2025;CT;1;Picea abies;120;120;0;;;
16.10.2024;BET;SG&JK;2;10;2;29.04.2025;CT;1;Abies alba;25;25;2;Hole;;
16.10.2024;BET;SG&JK;2;10;2;29.04.2025;CT;1;Fagus sylvatica;5;5;1;Hole;;
16.10.2024;BET;SG&JK;2;10;2;29.04.2025;CT;1;Picea abies;120;121;0;;;
16.10.2024;BET;MD;2;10;1;14.04.2025;CT;1;Abies alba;25;25;2;Hole and Crack;;
16.10.2024;BET;MD;2;10;1;14.04.2025;CT;1;Fagus sylvatica;5;5;0;;;
16.10.2024;BET;MD;2;10;1;14.04.2025;CT;1;Picea abies;120;119;0;;;
23.10.2024;BET;SG&JK;3;1;2;24.03.2025;CT;1;Abies alba;25;25;1;Crack;A lot of litter;
23.10.2024;BET;SG&JK;3;1;2;24.03.2025;CT;1;Fagus sylvatica;5;5;0;;A lot of litter;
23.10.2024;BET;SG&JK;3;1;2;24.03.2025;CT;1;Picea abies;120;121;0;;A lot of litter;
23.10.2024;BET;MD;3;1;1;25.03.2025;CT;1;Abies alba;25;25;0;;Small feces pieces present;
23.10.2024;BET;MD;3;1;1;25.03.2025;CT;1;Fagus sylvatica;5;0;0;;Small feces pieces present;
23.10.2024;BET;MD;3;1;1;25.03.2025;CT;1;Picea abies;120;9;2;Crack;Small feces pieces present;
23.10.2024;BET;MD;3;2;2;24.03.2025;CT;1;Abies alba;25;25;1;Crack;;
23.10.2024;BET;MD;3;2;2;24.03.2025;CT;1;Fagus sylvatica;5;5;0;;;
23.10.2024;BET;MD;3;2;2;24.03.2025;CT;1;Picea abies;120;120;0;;;
23.10.2024;BET;MD;3;2;1;25.03.2025;CT;1;Abies alba;25;25;0;;;
23.10.2024;BET;MD;3;2;1;25.03.2025;CT;1;Fagus sylvatica;5;5;0;;;
23.10.2024;BET;MD;3;2;1;25.03.2025;CT;1;Picea abies;120;120;0;;;
23.10.2024;BET;MD;3;3;1;25.03.2025;CT;1;Abies alba;25;24;1;Crack;Lots of empty seed coats;
23.10.2024;BET;MD;3;3;1;25.03.2025;CT;1;Fagus sylvatica;5;0;0;;;
23.10.2024;BET;MD;3;3;1;25.03.2025;CT;1;Picea abies;120;3;1;Crack;;
23.10.2024;BET;MD;3;3;2;25.03.2025;CT;1;Abies alba;25;25;1;Hole;;
23.10.2024;BET;MD;3;3;2;25.03.2025;CT;1;Fagus sylvatica;5;5;0;;;
23.10.2024;BET;MD;3;3;2;25.03.2025;CT;1;Picea abies;120;119;0;;;
23.10.2024;BET;MD;3;4;2;18.03.2025;CT;1;Abies alba;25;25;0;;;
23.10.2024;BET;MD;3;4;2;18.03.2025;CT;1;Fagus sylvatica;5;5;0;;;
23.10.2024;BET;MD;3;4;2;18.03.2025;CT;1;Picea abies;120;120;0;;;
23.10.2024;BET;MD;3;4;1;24.03.2025;CT;1;Abies alba;25;24;0;;1 empty seed coat;
23.10.2024;BET;MD;3;4;1;24.03.2025;CT;1;Fagus sylvatica;5;0;0;;;
23.10.2024;BET;MD;3;4;1;24.03.2025;CT;1;Picea abies;120;21;7;Hole and Crack;;
23.10.2024;BET;MD;3;5;2;25.03.2025;CT;1;Abies alba;25;25;0;;;
23.10.2024;BET;MD;3;5;2;25.03.2025;CT;1;Fagus sylvatica;5;5;1;Hole;;
23.10.2024;BET;MD;3;5;2;25.03.2025;CT;1;Picea abies;120;119;1;;;
23.10.2024;BET;MD;3;5;1;14.04.2025;CT;1;Abies alba;25;25;0;;;
23.10.2024;BET;MD;3;5;1;14.04.2025;CT;1;Fagus sylvatica;5;5;1;Hole;;
23.10.2024;BET;MD;3;5;1;14.04.2025;CT;1;Picea abies;120;120;0;;;
23.10.2024;BET;MD;3;6;2;25.03.2025;CT;1;Abies alba;25;25;0;;;
23.10.2024;BET;MD;3;6;2;25.03.2025;CT;1;Fagus sylvatica;5;5;0;;;
23.10.2024;BET;MD;3;6;2;25.03.2025;CT;1;Picea abies;120;120;0;;;
23.10.2024;BET;MD;3;6;1;14.04.2025;CT;1;Abies alba;25;24;0;;Small feces residue present;
23.10.2024;BET;MD;3;6;1;14.04.2025;CT;1;Fagus sylvatica;5;0;0;;Small feces residue present;
23.10.2024;BET;MD;3;6;1;14.04.2025;CT;1;Picea abies;120;11;3;Hole;Small feces residue present, a lot of empty seed coats;
23.10.2024;BET;MD;3;7;1;18.03.2025;CT;1;Abies alba;25;25;0;;plus 1 addtional piece of a Abies alba seed;
23.10.2024;BET;MD;3;7;1;18.03.2025;CT;1;Fagus sylvatica;5;0;0;;;
23.10.2024;BET;MD;3;7;1;18.03.2025;CT;1;Picea abies;120;3;1;Crack;A lot of empty seed coats present;
23.10.2024;BET;MD;3;7;2;25.03.2025;CT;1;Abies alba;25;24;0;;;
23.10.2024;BET;MD;3;7;2;25.03.2025;CT;1;Fagus sylvatica;5;5;0;;;
23.10.2024;BET;MD;3;7;2;25.03.2025;CT;1;Picea abies;120;120;0;;;
23.10.2024;BET;MD;3;8;1;24.03.2025;CT;1;Abies alba;25;25;0;;;
23.10.2024;BET;MD;3;8;1;24.03.2025;CT;1;Fagus sylvatica;5;0;0;;;
23.10.2024;BET;MD;3;8;1;24.03.2025;CT;1;Picea abies;120;6;3;Crack;;
23.10.2024;BET;MD;3;8;2;25.03.2025;CT;1;Abies alba;25;25;0;;;
23.10.2024;BET;MD;3;8;2;25.03.2025;CT;1;Fagus sylvatica;5;5;0;;;
23.10.2024;BET;MD;3;8;2;25.03.2025;CT;1;Picea abies;120;120;1;Hole;;
23.10.2024;BET;MD;3;9;2;24.03.2025;CT;1;Abies alba;25;25;0;;;
23.10.2024;BET;MD;3;9;2;24.03.2025;CT;1;Fagus sylvatica;5;5;0;;;
23.10.2024;BET;MD;3;9;2;24.03.2025;CT;1;Picea abies;120;120;0;;;
23.10.2024;BET;SG&JK;3;9;1;24.03.2025;CT;1;Abies alba;25;25;0;;;
23.10.2024;BET;SG&JK;3;9;1;24.03.2025;CT;1;Fagus sylvatica;5;5;1;;;
23.10.2024;BET;SG&JK;3;9;1;24.03.2025;CT;1;Picea abies;120;120;0;;;
23.10.2024;BET;MD;3;10;2;25.03.2025;CT;1;Abies alba;25;25;0;;;
23.10.2024;BET;MD;3;10;2;25.03.2025;CT;1;Fagus sylvatica;5;5;0;;;
23.10.2024;BET;MD;3;10;2;25.03.2025;CT;1;Picea abies;120;120;0;;;
23.10.2024;BET;MD;3;10;1;25.03.2025;CT;1;Abies alba;25;25;0;;;
23.10.2024;BET;MD;3;10;1;25.03.2025;CT;1;Fagus sylvatica;5;5;0;;;
23.10.2024;BET;MD;3;10;1;25.03.2025;CT;1;Picea abies;120;119;0;;;
19.09.2024;CEL;MD;1;1;1;02.10.2024;CW;4;Pinus cembra;3;3;;;6 ants, 1 insect;
19.09.2024;CEL;MD;1;1;1;02.10.2024;CW;4;Larix decidua;120;118;4;Hole and Crack;;
19.09.2024;CEL;MD;1;1;2;02.10.2024;CW;4;Pinus cembra;3;3;;;3 ants, 2 other insects, 1 other seed;
19.09.2024;CEL;MD;1;1;2;02.10.2024;CW;4;Larix decidua;120;118;2;Hole and Crack;;
19.09.2024;CEL;MD;1;2;1;02.10.2024;CW;4;Pinus cembra;3;3;;;4 insects;
19.09.2024;CEL;MD;1;2;1;02.10.2024;CW;4;Larix decidua;120;120;4;Hole;;
19.09.2024;CEL;MD;1;2;2;02.10.2024;CW;4;Pinus cembra;3;3;;;3 insects;
19.09.2024;CEL;MD;1;2;2;02.10.2024;CW;4;Larix decidua;120;120;;;;
19.09.2024;CEL;MD;1;3;1;02.10.2024;CW;4;Pinus cembra;3;3;;;2 ants, 3 other insects;
19.09.2024;CEL;MD;1;3;1;02.10.2024;CW;4;Larix decidua;120;118;5;Hole;Half a seed;
19.09.2024;CEL;MD;1;3;2;02.10.2024;CW;4;Pinus cembra;3;3;;;2 ants;
19.09.2024;CEL;MD;1;3;2;02.10.2024;CW;4;Larix decidua;120;118;;;Half a seed;
19.09.2024;CEL;MD;1;4;1;28.09.2024;CW;4;Pinus cembra;3;3;;;1 ant, 1 other seed;
19.09.2024;CEL;MD;1;4;1;28.09.2024;CW;4;Larix decidua;120;120;3;Hole and Crack;;
19.09.2024;CEL;MD;1;4;2;28.09.2024;CW;4;Pinus cembra;3;3;;;4 ants, 1 other insect;
19.09.2024;CEL;MD;1;4;2;28.09.2024;CW;4;Larix decidua;120;120;5;Hole and crack;;
19.09.2024;CEL;MD;1;5;1;28.09.2024;CW;4;Pinus cembra;3;0;;;;
19.09.2024;CEL;MD;1;5;1;28.09.2024;CW;4;Larix decidua;120;118;;;;
19.09.2024;CEL;MD;1;5;2;28.09.2024;CW;4;Pinus cembra;3;3;;;;
19.09.2024;CEL;MD;1;5;2;28.09.2024;CW;4;Larix decidua;120;120;;;;
19.09.2024;CEL;MD;1;6;1;23.10.2024;CW;4;Pinus cembra;3;3;;;2 ants, 1 other seed;
19.09.2024;CEL;MD;1;6;1;23.10.2024;CW;4;Larix decidua;120;118;2;Hole;;
19.09.2024;CEL;MD;1;6;2;23.10.2024;CW;4;Pinus cembra;3;3;;;1 ant, 7 other seeds;
19.09.2024;CEL;MD;1;6;2;23.10.2024;CW;4;Larix decidua;120;119;3;Hole;;
19.09.2024;CEL;MD;1;7;1;23.10.2024;CW;4;Pinus cembra;3;3;;;;
19.09.2024;CEL;MD;1;7;1;23.10.2024;CW;4;Larix decidua;120;120;3;Hole;3 ants, 5 other insects;
19.09.2024;CEL;MD;1;7;2;23.10.2024;CW;4;Pinus cembra;3;3;;;;
19.09.2024;CEL;MD;1;7;2;23.10.2024;CW;4;Larix decidua;120;117;4;Hole;4 ants;
19.09.2024;CEL;MD;1;8;1;23.10.2024;CW;4;Pinus cembra;3;0;;;;
19.09.2024;CEL;MD;1;8;1;23.10.2024;CW;4;Larix decidua;120;110;1;Hole;;
19.09.2024;CEL;MD;1;8;2;23.10.2024;CW;4;Pinus cembra;3;3;;;;
19.09.2024;CEL;MD;1;8;2;23.10.2024;CW;4;Larix decidua;120;120;3;Hole;;
19.09.2024;CEL;OL&JN&SG;1;9;1;11.02.2025;CT;4;Pinus cembra;3;3;0;;;
19.09.2024;CEL;OL&JN&SG;1;9;1;11.02.2025;CT;4;Larix decidua;120;119;6;Hole and Crack;;
19.09.2024;CEL;OL&JN&SG;1;9;2;11.02.2025;CT;4;Pinus cembra;3;3;0;;Dead bugs in sample;
19.09.2024;CEL;OL&JN&SG;1;9;2;11.02.2025;CT;4;Larix decidua;120;119;1;Crack;Dead bugs in sample;
19.09.2024;CEL;MD;1;10;1;23.10.2024;CW;4;Pinus cembra;3;2;;;1 ant;
19.09.2024;CEL;MD;1;10;1;23.10.2024;CW;4;Larix decidua;120;119;1;Hole;;
19.09.2024;CEL;MD;1;10;2;23.10.2024;CW;4;Pinus cembra;3;3;;;1 ant, 1 other seed;
19.09.2024;CEL;MD;1;10;2;23.10.2024;CW;4;Larix decidua;120;119;2;Hole and Crack;;
26.09.2024;CEL;OL;2;1;1;08.10.2024;CW;4;Pinus cembra;3;3;;;52 ants, 12 other insects;
26.09.2024;CEL;OL;2;1;1;08.10.2024;CW;4;Larix decidua;120;120;4;Hole and Crack;;
26.09.2024;CEL;OL;2;1;2;08.10.2024;CW;4;Pinus cembra;3;3;;;1 ant, 7 other insects;
26.09.2024;CEL;OL;2;1;2;08.10.2024;CW;4;Larix decidua;120;120;;;;
26.09.2024;CEL;OL;2;2;1;08.10.2024;CW;4;Pinus cembra;3;3;;;;
26.09.2024;CEL;OL;2;2;1;08.10.2024;CW;4;Larix decidua;120;120;4;Hole;;
26.09.2024;CEL;OL;2;2;2;08.10.2024;CW;4;Pinus cembra;3;3;;;;
26.09.2024;CEL;OL;2;2;2;08.10.2024;CW;4;Larix decidua;120;120;2;Hole and Crack;;
26.09.2024;CEL;OL&JN&SG;2;3;2;11.02.2025;CT;4;Pinus cembra;3;3;0;;;
26.09.2024;CEL;OL&JN&SG;2;3;2;11.02.2025;CT;4;Larix decidua;120;119;2;Hole;;
26.09.2024;CEL;OL&JN&SG;2;3;1;11.02.2025;CT;4;Pinus cembra;3;0;0;;;
26.09.2024;CEL;OL&JN&SG;2;3;1;11.02.2025;CT;4;Larix decidua;120;115;3;Hole;;
26.09.2024;CEL;OL&JN&SG;2;4;2;11.02.2025;CT;4;Pinus cembra;3;3;0;;Dead ant in sample;
26.09.2024;CEL;OL&JN&SG;2;4;2;11.02.2025;CT;4;Larix decidua;120;120;2;Hole and Crack;Dead ant in sample;
26.09.2024;CEL;OL&JN&SG;2;4;1;11.02.2025;CT;4;Pinus cembra;3;3;0;;Bugs & several dead ants in sample;
26.09.2024;CEL;OL&JN&SG;2;4;1;11.02.2025;CT;4;Larix decidua;120;120;2;Hole;Bugs & several dead ants in sample;
26.09.2024;CEL;OL;2;5;1;08.10.2024;CW;4;Pinus cembra;3;3;;;4 ants, 15 other insects;
26.09.2024;CEL;OL;2;5;1;08.10.2024;CW;4;Larix decidua;120;120;4;Hole and Crack;;
26.09.2024;CEL;OL;2;5;2;08.10.2024;CW;4;Pinus cembra;3;3;;;7 insects;
26.09.2024;CEL;OL;2;5;2;08.10.2024;CW;4;Larix decidua;120;119;4;Hole;;
26.09.2024;CEL;OL;2;6;1;08.10.2024;CW;4;Pinus cembra;3;3;;;7 ants, 3 other insects;
26.09.2024;CEL;OL;2;6;1;08.10.2024;CW;4;Larix decidua;120;120;;;;
26.09.2024;CEL;OL;2;6;2;08.10.2024;CW;4;Pinus cembra;3;3;;;;
26.09.2024;CEL;OL;2;6;2;08.10.2024;CW;4;Larix decidua;120;120;;;;
26.09.2024;CEL;OL;2;7;1;08.10.2024;CW;4;Pinus cembra;3;3;;;6 ants, 2 other insects;
26.09.2024;CEL;OL;2;7;1;08.10.2024;CW;4;Larix decidua;120;119;3;Crack;;
26.09.2024;CEL;OL;2;7;2;08.10.2024;CW;4;Pinus cembra;3;3;;;10 insects;
26.09.2024;CEL;OL;2;7;2;08.10.2024;CW;4;Larix decidua;120;120;2;Hole;;
26.09.2024;CEL;OL&JN&SG;2;8;1;10.02.2025;CT;4;Pinus cembra;3;3;0;;Bugs & several dead ants in sample;
26.09.2024;CEL;OL&JN&SG;2;8;1;10.02.2025;CT;4;Larix decidua;120;119;6;Hole and Crack;Bugs & several dead ants in sample;
26.09.2024;CEL;OL&JN&SG;2;8;2;11.02.2025;CT;4;Pinus cembra;3;3;1;Crack;;
26.09.2024;CEL;OL&JN&SG;2;8;2;11.02.2025;CT;4;Larix decidua;120;119;2;Hole and Crack;;
26.09.2024;CEL;OL&JN&SG;2;9;1;10.02.2025;CT;4;Pinus cembra;3;3;0;;;
26.09.2024;CEL;OL&JN&SG;2;9;1;10.02.2025;CT;4;Larix decidua;120;118;1;Hole;;
26.09.2024;CEL;OL&JN&SG;2;9;2;11.02.2025;CT;4;Pinus cembra;3;3;1;Crack;;
26.09.2024;CEL;OL&JN&SG;2;9;2;11.02.2025;CT;4;Larix decidua;120;119;1;Hole;;
26.09.2024;CEL;OL&JN&SG;2;10;2;11.02.2025;CT;4;Pinus cembra;3;3;0;;;
26.09.2024;CEL;OL&JN&SG;2;10;2;11.02.2025;CT;4;Larix decidua;120;120;4;Hole;;
26.09.2024;CEL;OL&JN&SG;2;10;1;11.02.2025;CT;4;Pinus cembra;3;3;0;;Several dead ants in sample;
26.09.2024;CEL;OL&JN&SG;2;10;1;11.02.2025;CT;4;Larix decidua;120;120;0;;Several dead ants in sample;
03.10.2024;CEL;MD&EP;3;1;2;24.02.2025;CT;4;Pinus cembra;3;3;0;;;
03.10.2024;CEL;MD&EP;3;1;2;24.02.2025;CT;4;Larix decidua;120;117;1;Hole;;
03.10.2024;CEL;MD&EP;3;1;1;25.02.2025;CT;4;Pinus cembra;3;3;0;;Dead bugs and ants ;
03.10.2024;CEL;MD&EP;3;1;1;25.02.2025;CT;4;Larix decidua;120;121;2;Hole and Crack;Dead bugs and ants ;
03.10.2024;CEL;MD&EP;3;2;1;25.02.2025;CT;4;Pinus cembra;3;3;0;;;
03.10.2024;CEL;MD&EP;3;2;1;25.02.2025;CT;4;Larix decidua;120;120;3;Hole;;
03.10.2024;CEL;MD&EP;3;2;2;25.02.2025;CT;4;Pinus cembra;3;3;0;;;
03.10.2024;CEL;MD&EP;3;2;2;25.02.2025;CT;4;Larix decidua;120;119;1;Hole;;
03.10.2024;CEL;MD&EP;3;3;2;24.02.2025;CT;4;Pinus cembra;3;3;0;;;
03.10.2024;CEL;MD&EP;3;3;2;24.02.2025;CT;4;Larix decidua;120;117;1;Hole;Dead flies and ants ;
03.10.2024;CEL;MD&EP;3;3;1;11.02.2025;CT;4;Pinus cembra;3;3;0;;;
03.10.2024;CEL;MD&EP;3;3;1;11.02.2025;CT;4;Larix decidua;120;83;3;Hole;;
03.10.2024;CEL;MD&EP;3;4;1;25.02.2025;CT;4;Pinus cembra;3;3;0;;;
03.10.2024;CEL;MD&EP;3;4;1;25.02.2025;CT;4;Larix decidua;120;120;2;Hole;;
03.10.2024;CEL;MD&EP;3;4;2;25.02.2025;CT;4;Pinus cembra;3;3;0;;;
03.10.2024;CEL;MD&EP;3;4;2;25.02.2025;CT;4;Larix decidua;120;120;3;;;
03.10.2024;CEL;MD&EP;3;5;2;24.02.2025;CT;4;Pinus cembra;3;3;0;;Several dead flies;
03.10.2024;CEL;MD&EP;3;5;2;24.02.2025;CT;4;Larix decidua;120;120;1;Hole;Several dead flies;
03.10.2024;CEL;MD&EP;3;5;1;25.02.2025;CT;4;Pinus cembra;3;3;0;;Dead bugs and ants ;
03.10.2024;CEL;MD&EP;3;5;1;25.02.2025;CT;4;Larix decidua;120;119;2;Hole;Dead bugs and ants ;
03.10.2024;CEL;MD&EP;3;6;1;24.02.2025;CT;4;Pinus cembra;3;3;0;;Several dead ants ;
03.10.2024;CEL;MD&EP;3;6;1;24.02.2025;CT;4;Larix decidua;120;118;2;Hole and Crack;Several dead ants ;
03.10.2024;CEL;MD&EP;3;6;2;25.02.2025;CT;4;Pinus cembra;3;3;0;;Dead ants;
03.10.2024;CEL;MD&EP;3;6;2;25.02.2025;CT;4;Larix decidua;120;120;2;Hole;Dead ants;
03.10.2024;CEL;MD&EP;3;7;2;24.02.2025;CT;4;Pinus cembra;3;3;0;;;
03.10.2024;CEL;MD&EP;3;7;2;24.02.2025;CT;4;Larix decidua;120;119;0;;;
03.10.2024;CEL;MD&EP;3;7;1;25.02.2025;CT;4;Pinus cembra;3;3;0;;;
03.10.2024;CEL;MD&EP;3;7;1;25.02.2025;CT;4;Larix decidua;120;119;1;Hole;;
03.10.2024;CEL;MD&EP;3;8;1;24.02.2025;CT;4;Pinus cembra;3;2;0;;;
03.10.2024;CEL;MD&EP;3;8;1;24.02.2025;CT;4;Larix decidua;120;119;3;Hole and Crack;;
03.10.2024;CEL;MD&EP;3;8;2;24.02.2025;CT;4;Pinus cembra;3;3;0;;;
03.10.2024;CEL;MD&EP;3;8;2;24.02.2025;CT;4;Larix decidua;120;120;2;Hole;;
03.10.2024;CEL;MD&EP;3;9;1;25.02.2025;CT;4;Pinus cembra;3;3;0;;Dead ants;
03.10.2024;CEL;MD&EP;3;9;1;25.02.2025;CT;4;Larix decidua;120;120;2;Hole;Dead ants;
03.10.2024;CEL;MD&EP;3;9;2;11.02.2025;CT;4;Pinus cembra;3;3;0;;Several dead ants in sample;
03.10.2024;CEL;MD&EP;3;9;2;11.02.2025;CT;4;Larix decidua;120;120;5;Hole and Crack;Several dead ants in sample, Problem with identifiying 1 Larix seed: Very deconstructed if coat color and structure matched counted as seed;
03.10.2024;CEL;MD&EP;3;10;2;24.02.2025;CT;4;Pinus cembra;3;3;0;;Several dead ants ;
03.10.2024;CEL;MD&EP;3;10;2;24.02.2025;CT;4;Larix decidua;120;120;0;;Several dead ants ;
03.10.2024;CEL;MD&EP;3;10;1;25.02.2025;CT;4;Pinus cembra;3;3;0;;;
03.10.2024;CEL;MD&EP;3;10;1;25.02.2025;CT;4;Larix decidua;120;120;0;;;
18.09.2024;NAT;EP;1;1;1;19.10.2024;CW;6;Pinus mugo;180;179;;;2 ants;
18.09.2024;NAT;EP;1;1;2;19.10.2024;CW;6;Pinus mugo;180;177;;;6 ants, 1 other seed;
18.09.2024;NAT;EP;1;2;1;19.10.2024;CW;6;Pinus mugo;180;171;4;Crack;1 ant;
18.09.2024;NAT;EP;1;2;2;19.10.2024;CW;6;Pinus mugo;180;177;1;Hole;2 ants, 1 other insect, 1 other seed;
18.09.2024;NAT;EP;1;7;1;19.10.2024;CW;6;Pinus mugo;180;180;2;Hole and Crack;1 ant;
18.09.2024;NAT;EP;1;7;2;19.10.2024;CW;6;Pinus mugo;180;179;1;Crack;2 ants;
18.09.2024;NAT;EP;1;8;1;19.10.2024;CW;6;Pinus mugo;180;180;;;;
18.09.2024;NAT;EP;1;8;2;19.10.2024;CW;6;Pinus mugo;180;179;;;;
18.09.2024;NAT;EP;1;9;1;19.10.2024;CW;6;Pinus mugo;180;180;;;;
18.09.2024;NAT;EP;1;9;2;19.10.2024;CW;6;Pinus mugo;180;180;1;Crack;2 ants;
18.09.2024;NAT;EP;1;10;1;19.10.2024;CW;6;Pinus mugo;180;180;;;1 ant;
18.09.2024;NAT;EP;1;10;2;19.10.2024;CW;6;Pinus mugo;180;180;;;2 ants;
18.09.1924;NAT;EP;1;3;1;03.10.1924;FL;6;Pinus mugo;180;179;;;dead ant;
18.09.1924;NAT;EP;1;3;2;03.10.1924;FL;6;Pinus mugo;180;180;1;Crack;;
18.09.1924;NAT;EP;1;4;1;03.10.1924;FL;6;Pinus mugo;180;178;;;dead bug;
18.09.1924;NAT;EP;1;4;2;03.10.1924;FL;6;Pinus mugo;180;180;;;dead ant;
18.09.1924;NAT;EP;1;5;1;03.10.1924;FL;6;Pinus mugo;180;179;;;dead ant;
18.09.1924;NAT;EP;1;5;2;03.10.1924;FL;6;Pinus mugo;180;178;;;dead ant;
18.09.1924;NAT;EP;1;6;1;03.10.1924;FL;6;Pinus mugo;180;180;;;dead ants;
18.09.1924;NAT;EP;1;6;2;03.10.1924;FL;6;Pinus mugo;180;180;1;Hole;dead ants;
02.10.2024;NAT;SG;2;1;1;29.01.2025;CT;6;Pinus mugo;180;179;0;;;
02.10.2024;NAT;SG;2;1;2;29.01.2025;CT;6;Pinus mugo;180;180;1;Hole;;
02.10.2024;NAT;SG;2;2;2;29.01.2025;CT;6;Pinus mugo;180;180;0;;;
02.10.2024;NAT;SG;2;2;1;29.01.2025;CT;6;Pinus mugo;180;179;1;Hole;Dead bug in sample, several dead ants;
25.09.2024;NAT;SG;2;3;1;28.09.2024;CW;6;Pinus mugo;180;180;1;Hole and Crack;1 insect;
25.09.2024;NAT;SG;2;3;2;28.09.2024;CW;6;Pinus mugo;180;180;;;1 insect;
25.09.2024;NAT;SG;2;4;1;28.09.2024;CW;6;Pinus mugo;180;180;;;2 ants, 2 other insects;
25.09.2024;NAT;SG;2;4;2;28.09.2024;CW;6;Pinus mugo;180;180;;;2 ants, 2 other insects;
25.09.2024;NAT;SG;2;5;2;10.02.2025;CT;6;Pinus mugo;180;179;0;;;
25.09.2024;NAT;SG;2;5;1;10.02.2025;CT;6;Pinus mugo;180;180;1;Crack;;
25.09.2024;NAT;SG;2;6;1;28.09.2024;CW;6;Pinus mugo;180;180;;;1 ant, 2 other insects;
25.09.2024;NAT;SG;2;6;2;28.09.2024;CW;6;Pinus mugo;180;180;1;Hole;1 ant, 1 other insect;
25.09.2024;NAT;SG;2;7;1;10.02.2025;CT;6;Pinus mugo;180;180;0;;Dead ant in sample;
25.09.2024;NAT;SG;2;7;2;10.02.2025;CT;6;Pinus mugo;180;184;1;Hole;Several dead ants in sample;
25.09.2024;NAT;SG;2;8;1;28.09.2024;CW;6;Pinus mugo;180;180;;;2 insects;
25.09.2024;NAT;SG;2;8;2;28.09.2024;CW;6;Pinus mugo;180;180;1;Crack;1 ant, 2 other;
25.09.2024;NAT;SG;2;9;1;28.09.2024;CW;6;Pinus mugo;180;180;1;Crack;1 insect;
25.09.2024;NAT;SG;2;9;2;28.09.2024;CW;6;Pinus mugo;180;180;;;1 ant, 2 other insects;
25.09.2024;NAT;SG;2;10;1;10.02.2025;CT;6;Pinus mugo;180;180;0;;Several dead ants in sample;
25.09.2024;NAT;SG;2;10;2;10.02.2025;CT;6;Pinus mugo;180;180;0;;;
02.10.2024;NAT;EP;3;1;1;02.11.2024;CW;6;Pinus mugo;180;180;;;3 ants, 2 other insects;
02.10.2024;NAT;EP;3;1;2;02.11.2024;CW;6;Pinus mugo;180;180;;;1 ant;
02.10.2024;NAT;EP;3;2;1;02.11.2024;CW;6;Pinus mugo;180;180;;;1 ant, 1 abies alba;
02.10.2024;NAT;EP;3;2;2;02.11.2024;CW;6;Pinus mugo;180;180;;;3 ants, 1 other insect;
02.10.2024;NAT;EP;3;3;1;02.11.2024;CW;6;Pinus mugo;180;180;;;1 ant;
02.10.2024;NAT;EP;3;3;2;02.11.2024;CW;6;Pinus mugo;180;180;;;2 ants, 2 other insects;
02.10.2024;NAT;EP;3;4;1;02.11.2024;CW;6;Pinus mugo;180;178;;;1 ant;
02.10.2024;NAT;EP;3;4;2;02.11.2024;CW;6;Pinus mugo;180;180;;;;
02.10.2024;NAT;EP;3;5;1;02.11.2024;CW;6;Pinus mugo;180;180;;;;
02.10.2024;NAT;EP;3;5;2;02.11.2024;CW;6;Pinus mugo;180;180;;;5 ants;
02.10.2024;NAT;EP;3;6;1;02.11.2024;CW;6;Pinus mugo;180;179;;;;
02.10.2024;NAT;EP;3;6;2;02.11.2024;CW;6;Pinus mugo;180;178;;;1 ant;
02.10.2024;NAT;EP;3;7;1;02.11.2024;CW;6;Pinus mugo;180;180;;;1 ant;
02.10.2024;NAT;EP;3;7;2;02.11.2024;CW;6;Pinus mugo;180;180;;;1 ant, 1 cracked by me;
02.10.2024;NAT;EP;3;8;1;02.11.2024;CW;6;Pinus mugo;180;175;3;Hole;;
02.10.2024;NAT;EP;3;8;2;05.11.2024;CW;6;Pinus mugo;180;180;;;;
02.10.2024;NAT;EP;3;9;1;05.11.2024;CW;6;Pinus mugo;180;180;;;;
02.10.2024;NAT;EP;3;9;2;05.11.2024;CW;6;Pinus mugo;180;179;1;Crack;1 ant, 1 other insect;
02.10.2024;NAT;EP;3;10;2;29.01.2025;CT;6;Pinus mugo;180;180;0;;Dead ant in sample;
02.10.2024;NAT;EP;3;10;1;29.01.2025;CT;6;Pinus mugo;180;180;1;Crack;1 seed split in half;
21.09.2024;NEU;MD;1;1;1;21.09.2024;CW;2;Fagus sylvatica;5;5;;;;
21.09.2024;NEU;MD;1;1;1;21.09.2024;CW;2;Acer pseudoplatanus;9;9;;;;
21.09.2024;NEU;MD;1;1;1;21.09.2024;CW;2;Tillia cordata;35;36;2;Crack;1 extra seed;
21.09.2024;NEU;MD;1;1;2;21.09.2024;CW;2;Fagus sylvatica;5;5;;;;
21.09.2024;NEU;MD;1;1;2;21.09.2024;CW;2;Acer pseudoplatanus;9;9;2;Hole and Crack;;
21.09.2024;NEU;MD;1;1;2;21.09.2024;CW;2;Tillia cordata;35;35;2;Crack;;
29.08.1924;NEU;MD&SG;2;1;1;24.09.1924;CW;2;Fagus sylvatica;5;5;;;;
29.08.1924;NEU;MD&SG;2;1;1;24.09.1924;CW;2;Acer pseudoplatanus;9;9;;;;
29.08.1924;NEU;MD&SG;2;1;1;24.09.1924;CW;2;Tillia cordata;35;35;;;;
29.08.1924;NEU;MD&SG;2;1;2;24.09.1924;FL;2;Fagus sylvatica;5;5;;;;
29.08.1924;NEU;MD&SG;2;1;2;24.09.1924;FL;2;Acer pseudoplatanus;9;9;;;;
29.08.1924;NEU;MD&SG;2;1;2;24.09.1924;FL;2;Tillia cordata;35;34;;;;
05.09.2024;NEU;EP;3;1;1;24.09.2024;JK;2;Tillia cordata;35;35;1;Crack;;
05.09.2024;NEU;EP;3;1;1;24.09.2024;JK;2;Fagus sylvatica;5;5;;;;
05.09.2024;NEU;EP;3;1;1;24.09.2024;JK;2;Acer pseudoplatanus;9;9;;;;
05.09.2024;NEU;EP;3;1;2;24.09.2024;JK;2;Tillia cordata;35;35;;;;
05.09.2024;NEU;EP;3;1;2;24.09.2024;JK;2;Fagus sylvatica;5;5;;;;
05.09.2024;NEU;EP;3;1;2;24.09.2024;JK;2;Acer pseudoplatanus;9;9;1;Crack;;
22.08.2024;NEU;MD;1;2;2;24.09.2024;JK;2;Tillia cordata;35;35;;;;
22.08.2024;NEU;MD;1;2;2;24.09.2024;JK;2;Fagus sylvatica;5;5;;;;
22.08.2024;NEU;MD;1;2;2;24.09.2024;JK;2;Acer pseudoplatanus;9;9;;;;
22.08.2024;NEU;MD;1;2;1;24.09.2024;JK;2;Tillia cordata;35;35;;;;
22.08.2024;NEU;MD;1;2;1;24.09.2024;JK;2;Fagus sylvatica;5;5;;;;
22.08.2024;NEU;MD;1;2;1;24.09.2024;JK;2;Acer pseudoplatanus;9;9;;;;
29.08.1924;NEU;MD&SG;2;2;1;24.09.1924;FL;2;Fagus sylvatica;5;5;;;;
29.08.1924;NEU;MD&SG;2;2;1;24.09.1924;FL;2;Acer pseudoplatanus;9;9;;;;
29.08.1924;NEU;MD&SG;2;2;1;24.09.1924;FL;2;Tillia cordata;35;35;3;Crack;dead wasp;
29.08.1924;NEU;MD&SG;2;2;2;24.09.1924;FL;2;Fagus sylvatica;5;5;;;;
29.08.1924;NEU;MD&SG;2;2;2;24.09.1924;FL;2;Acer pseudoplatanus;9;9;;;;
29.08.1924;NEU;MD&SG;2;2;2;24.09.1924;FL;2;Tillia cordata;35;34;1;Crack;;
05.09.2024;NEU;EP;3;2;1;24.09.2024;JK;2;Tillia cordata;35;35;2;Crack;;
05.09.2024;NEU;EP;3;2;1;24.09.2024;JK;2;Fagus sylvatica;5;5;;;;
05.09.2024;NEU;EP;3;2;1;24.09.2024;JK;2;Acer pseudoplatanus;9;9;;;;
05.09.2024;NEU;MD&SG;3;2;2;25.09.2024;JK;2;Tillia cordata;35;35;2;Crack;ID=MD&SG&EP;
05.09.2024;NEU;MD&SG;3;2;2;25.09.2024;JK;2;Fagus sylvatica;5;5;2;Hole;;
05.09.2024;NEU;MD&SG;3;2;2;25.09.2024;JK;2;Acer pseudoplatanus;9;9;;;;
21.09.2024;NEU;MD;1;3;1;21.09.2024;CW;2;Fagus sylvatica;5;5;;;;
21.09.2024;NEU;MD;1;3;1;21.09.2024;CW;2;Acer pseudoplatanus;9;9;;;;
21.09.2024;NEU;MD;1;3;1;21.09.2024;CW;2;Tillia cordata;35;35;;;;
21.09.2024;NEU;MD;1;3;2;21.09.2024;CW;2;Fagus sylvatica;5;5;;;;
21.09.2024;NEU;MD;1;3;2;21.09.2024;CW;2;Acer pseudoplatanus;9;9;;;;
21.09.2024;NEU;MD;1;3;2;21.09.2024;CW;2;Tillia cordata;35;35;4;Crack;;
29.08.1924;NEU;MD&SG;2;3;2;24.09.1924;FL;2;Fagus sylvatica;5;5;;;;
29.08.1924;NEU;MD&SG;2;3;2;24.09.1924;FL;2;Acer pseudoplatanus;9;9;;;;
29.08.1924;NEU;MD&SG;2;3;2;24.09.1924;FL;2;Tillia cordata;35;35;1;Crack;;
29.08.1924;NEU;MD&SG;2;3;1;24.09.1924;FL;2;Fagus sylvatica;5;5;;;;
29.08.1924;NEU;MD&SG;2;3;1;24.09.1924;FL;2;Acer pseudoplatanus;9;9;;;;
29.08.1924;NEU;MD&SG;2;3;1;24.09.1924;FL;2;Tillia cordata;35;35;;;;
05.09.2024;NEU;EP;3;3;2;25.09.2024;JK;2;Tillia cordata;35;35;2;Crack;;
05.09.2024;NEU;EP;3;3;2;25.09.2024;JK;2;Fagus sylvatica;5;5;;;;
05.09.2024;NEU;EP;3;3;2;25.09.2024;JK;2;Acer pseudoplatanus;9;9;1;Hole and Crack;in my opinion this could actually be a predation;
05.09.2024;NEU;EP;3;3;1;25.09.2024;JK;2;Tillia cordata;35;31;1;Hole;;
05.09.2024;NEU;EP;3;3;1;26.09.2024;JK;2;Fagus sylvatica;5;0;;;;
05.09.2024;NEU;EP;3;3;1;26.09.2024;JK;2;Acer pseudoplatanus;9;0;;;;
21.09.2024;NEU;MD;1;4;1;21.09.2024;CW;2;Fagus sylvatica;5;5;;;;
21.09.2024;NEU;MD;1;4;1;21.09.2024;CW;2;Acer pseudoplatanus;9;9;1;Crack;;
21.09.2024;NEU;MD;1;4;1;21.09.2024;CW;2;Tillia cordata;35;35;;;;
21.09.2024;NEU;MD;1;4;2;21.09.2024;CW;2;Fagus sylvatica;5;5;;;;
21.09.2024;NEU;MD;1;4;2;21.09.2024;CW;2;Acer pseudoplatanus;9;9;;;;
21.09.2024;NEU;MD;1;4;2;21.09.2024;CW;2;Tillia cordata;35;35;2;Crack;;
29.08.1924;NEU;MD&SG;2;4;1;24.09.1924;FL;2;Fagus sylvatica;5;5;1;Hole;;
29.08.1924;NEU;MD&SG;2;4;1;24.09.1924;FL;2;Acer pseudoplatanus;9;9;;;;
29.08.1924;NEU;MD&SG;2;4;1;24.09.1924;FL;2;Tillia cordata;35;35;1;Crack;;
29.08.1924;NEU;MD&SG;2;4;2;24.09.1924;FL;2;Fagus sylvatica;5;5;;;;
29.08.1924;NEU;MD&SG;2;4;2;24.09.1924;FL;2;Acer pseudoplatanus;9;9;;;;
29.08.1924;NEU;MD&SG;2;4;2;24.09.1924;FL;2;Tillia cordata;35;35;;;;
05.09.2024;NEU;EP;3;4;2;24.09.2024;JK;2;Tillia cordata;35;35;;;;
05.09.2024;NEU;EP;3;4;2;24.09.2024;JK;2;Fagus sylvatica;5;5;;;;
05.09.2024;NEU;EP;3;4;2;24.09.2024;JK;2;Acer pseudoplatanus;9;9;;;;
05.09.2024;NEU;MD&SG;3;4;1;25.09.2024;JK;2;Tillia cordata;35;35;2;Crack;ID=MD&SG&EP;
05.09.2024;NEU;MD&SG;3;4;1;25.09.2024;JK;2;Fagus sylvatica;5;1;;;;
05.09.2024;NEU;MD&SG;3;4;1;25.09.2024;JK;2;Acer pseudoplatanus;9;6;;;;
21.09.2024;NEU;MD;1;5;1;21.09.2024;CW;2;Fagus sylvatica;5;5;;;;
21.09.2024;NEU;MD;1;5;1;21.09.2024;CW;2;Acer pseudoplatanus;9;9;;;;
21.09.2024;NEU;MD;1;5;1;21.09.2024;CW;2;Tillia cordata;35;35;1;Crack;;
21.09.2024;NEU;MD;1;5;2;21.09.2024;CW;2;Fagus sylvatica;5;5;;;;
21.09.2024;NEU;MD;1;5;2;21.09.2024;CW;2;Acer pseudoplatanus;9;10;1;Crack;1 extra seed;
21.09.2024;NEU;MD;1;5;2;21.09.2024;CW;2;Tillia cordata;35;35;;;;
29.08.1924;NEU;MD&SG;2;5;2;24.09.1924;FL;2;Fagus sylvatica;5;5;;;;
29.08.1924;NEU;MD&SG;2;5;2;24.09.1924;FL;2;Acer pseudoplatanus;9;9;;;;
29.08.1924;NEU;MD&SG;2;5;2;24.09.1924;FL;2;Tillia cordata;35;35;1;Crack;;
29.08.1924;NEU;MD&SG;2;5;1;24.09.1924;FL;2;Fagus sylvatica;5;5;;;;
29.08.1924;NEU;MD&SG;2;5;1;24.09.1924;FL;2;Acer pseudoplatanus;9;9;;;;
29.08.1924;NEU;MD&SG;2;5;1;24.09.1924;FL;2;Tillia cordata;35;35;;;;
05.09.2024;NEU;EP;3;5;1;25.09.2024;JK;2;Tillia cordata;35;0;;;;
05.09.2024;NEU;EP;3;5;1;25.09.2024;JK;2;Fagus sylvatica;5;0;;;;
05.09.2024;NEU;EP;3;5;1;25.09.2024;JK;2;Acer pseudoplatanus;9;0;;;;
05.09.2024;NEU;MD&SG;3;5;2;25.09.2024;JK;2;Tillia cordata;35;35;;;plastic particle inside the box;
05.09.2024;NEU;MD&SG;3;5;2;25.09.2024;JK;2;Fagus sylvatica;5;5;;;;
05.09.2024;NEU;MD&SG;3;5;2;25.09.2024;JK;2;Acer pseudoplatanus;9;9;;;;
22.08.2024;NEU;MD;1;6;1;24.09.2024;JK;2;Tillia cordata;35;35;;;;
22.08.2024;NEU;MD;1;6;1;24.09.2024;JK;2;Fagus sylvatica;5;5;;;;
22.08.2024;NEU;MD;1;6;1;24.09.2024;JK;2;Acer pseudoplatanus;9;10;;;more seeds;
22.08.2024;NEU;EP;1;6;2;24.09.2024;JK;2;Tillia cordata;35;35;;;;
22.08.2024;NEU;EP;1;6;2;24.09.2024;JK;2;Fagus sylvatica;5;5;;;;
22.08.2024;NEU;EP;1;6;2;24.09.2024;JK;2;Acer pseudoplatanus;9;9;;;;
29.08.2024;NEU;MD&SG;2;6;1;24.09.2024;JK;2;Tillia cordata;35;0;;;this bag was maybe already processed before;
29.08.2024;NEU;MD&SG;2;6;1;24.09.2024;JK;2;Fagus sylvatica;5;0;;;;
29.08.2024;NEU;MD&SG;2;6;1;24.09.2024;JK;2;Acer pseudoplatanus;9;0;;;;
29.08.2024;NEU;MD&SG;2;6;2;24.09.2024;JK;2;Tillia cordata;35;35;;;;
29.08.2024;NEU;MD&SG;2;6;2;24.09.2024;JK;2;Fagus sylvatica;5;5;;;;
29.08.2024;NEU;MD&SG;2;6;2;24.09.2024;JK;2;Acer pseudoplatanus;9;9;;;;
29.08.2024;NEU;MD&SG;2;8;1;24.09.2024;JK;2;Tillia cordata;35;35;;;;
29.08.2024;NEU;MD&SG;2;8;1;24.09.2024;JK;2;Fagus sylvatica;5;5;;;;
29.08.2024;NEU;MD&SG;2;8;1;24.09.2024;JK;2;Acer pseudoplatanus;9;10;;;more seeds;
05.09.2024;NEU;EP;3;6;2;24.09.2024;JK;2;Tillia cordata;35;35;;;;
05.09.2024;NEU;EP;3;6;2;24.09.2024;JK;2;Fagus sylvatica;5;5;;;;
05.09.2024;NEU;EP;3;6;2;24.09.2024;JK;2;Acer pseudoplatanus;9;9;;;;
05.09.2024;NEU;EP;3;6;1;25.09.2024;JK;2;Tillia cordata;35;0;;;;
05.09.2024;NEU;EP;3;6;1;25.09.2024;JK;2;Fagus sylvatica;5;0;;;;
05.09.2024;NEU;EP;3;6;1;25.09.2024;JK;2;Acer pseudoplatanus;9;0;;;;
22.08.2024;NEU;EP;1;7;2;24.09.2024;JK;2;Tillia cordata;35;35;1;Crack;;
22.08.2024;NEU;EP;1;7;2;24.09.2024;JK;2;Fagus sylvatica;5;5;;;;
22.08.2024;NEU;EP;1;7;2;24.09.2024;JK;2;Acer pseudoplatanus;9;9;;;;
22.08.2024;NEU;EP;1;7;1;24.09.2024;JK;2;Tillia cordata;35;35;;;;
22.08.2024;NEU;EP;1;7;1;24.09.2024;JK;2;Fagus sylvatica;5;5;;;;
22.08.2024;NEU;EP;1;7;1;24.09.2024;JK;2;Acer pseudoplatanus;9;9;;;;
29.08.2024;NEU;MD&SG;2;7;2;24.09.2024;JK;2;Tillia cordata;35;35;;;;
29.08.2024;NEU;MD&SG;2;7;2;24.09.2024;JK;2;Fagus sylvatica;5;5;;;;
29.08.2024;NEU;MD&SG;2;7;2;24.09.2024;JK;2;Acer pseudoplatanus;9;9;;;;
29.08.2024;NEU;MD&SG;2;7;1;24.09.2024;JK;2;Tillia cordata;35;35;;;;
29.08.2024;NEU;MD&SG;2;7;1;24.09.2024;JK;2;Fagus sylvatica;5;5;;;;
29.08.2024;NEU;MD&SG;2;7;1;24.09.2024;JK;2;Acer pseudoplatanus;9;9;;;;
05.09.2024;NEU;MD&SG;3;7;1;25.09.2024;JK;2;Tillia cordata;35;0;;;ID=MD&SG&EP;
05.09.2024;NEU;MD&SG;3;7;1;25.09.2024;JK;2;Fagus sylvatica;5;0;;;;
05.09.2024;NEU;MD&SG;3;7;1;25.09.2024;JK;2;Acer pseudoplatanus;9;0;;;;
05.09.2024;NEU;MD&SG;3;7;2;25.09.2024;JK;2;Tillia cordata;35;35;2;Crack;ID=MD&SG&EP;
05.09.2024;NEU;MD&SG;3;7;2;25.09.2024;JK;2;Fagus sylvatica;5;5;;;;
05.09.2024;NEU;MD&SG;3;7;2;25.09.2024;JK;2;Acer pseudoplatanus;9;9;;;;
22.08.2024;NEU;EP;1;8;1;24.09.2024;JK;2;Tillia cordata;35;35;1;Crack;;
22.08.2024;NEU;EP;1;8;1;24.09.2024;JK;2;Fagus sylvatica;5;5;;;;
22.08.2024;NEU;EP;1;8;1;24.09.2024;JK;2;Acer pseudoplatanus;9;9;;;;
22.08.2024;NEU;EP;1;8;2;24.09.2024;JK;2;Tillia cordata;35;35;1;;;
22.08.2024;NEU;EP;1;8;2;24.09.2024;JK;2;Fagus sylvatica;5;5;;;;
22.08.2024;NEU;EP;1;8;2;24.09.2024;JK;2;Acer pseudoplatanus;9;9;;;;
29.08.2024;NEU;MD&SG;2;8;2;24.09.2024;JK;2;Tillia cordata;35;35;;;;
29.08.2024;NEU;MD&SG;2;8;2;24.09.2024;JK;2;Fagus sylvatica;5;5;;;;
29.08.2024;NEU;MD&SG;2;8;2;24.09.2024;JK;2;Acer pseudoplatanus;9;9;;;;
05.09.2024;NEU;EP;3;8;2;24.09.2024;JK;2;Tillia cordata;35;35;1;Crack;;
05.09.2024;NEU;EP;3;8;2;24.09.2024;JK;2;Fagus sylvatica;5;5;;;;
05.09.2024;NEU;EP;3;8;2;24.09.2024;JK;2;Acer pseudoplatanus;9;9;;;;
05.09.2024;NEU;EP;3;8;1;25.09.2024;JK;2;Tillia cordata;35;35;2;Crack;;
05.09.2024;NEU;EP;3;8;1;25.09.2024;JK;2;Fagus sylvatica;5;5;;;;
05.09.2024;NEU;EP;3;8;1;25.09.2024;JK;2;Acer pseudoplatanus;9;9;;;;
22.08.2024;NEU;EP;1;9;2;24.09.2024;JK;2;Tillia cordata;35;35;2;Crack;;
22.08.2024;NEU;EP;1;9;2;24.09.2024;JK;2;Fagus sylvatica;5;5;;;;
22.08.2024;NEU;EP;1;9;2;24.09.2024;JK;2;Acer pseudoplatanus;9;9;;;;
22.08.2024;NEU;EP;1;9;1;24.09.2024;JK;2;Tillia cordata;35;35;2;Crack;;
22.08.2024;NEU;EP;1;9;1;24.09.2024;JK;2;Fagus sylvatica;5;5;;;;
22.08.2024;NEU;EP;1;9;1;24.09.2024;JK;2;Acer pseudoplatanus;9;9;;;;
29.08.2024;NEU;MD&SG;2;9;1;24.09.2024;JK;2;Tillia cordata;35;35;;;;
29.08.2024;NEU;MD&SG;2;9;1;24.09.2024;JK;2;Fagus sylvatica;5;5;;;;
29.08.2024;NEU;MD&SG;2;9;1;24.09.2024;JK;2;Acer pseudoplatanus;9;9;1;Hole;;
29.08.2024;NEU;MD&SG;2;9;2;24.09.2024;JK;2;Tillia cordata;35;35;;;;
29.08.2024;NEU;MD&SG;2;9;2;24.09.2024;JK;2;Fagus sylvatica;5;5;;;;
29.08.2024;NEU;MD&SG;2;9;2;24.09.2024;JK;2;Acer pseudoplatanus;9;9;;;;
05.09.2024;NEU;MD;3;9;2;24.09.2024;JK;2;Tillia cordata;35;35;;;;
05.09.2024;NEU;MD;3;9;2;24.09.2024;JK;2;Fagus sylvatica;5;5;;;;
05.09.2024;NEU;MD;3;9;2;24.09.2024;JK;2;Acer pseudoplatanus;9;9;;;;
05.09.2024;NEU;SG;3;9;1;24.09.2024;JK;2;Tillia cordata;35;4;2;Hole;;
05.09.2024;NEU;SG;3;9;1;24.09.2024;JK;2;Fagus sylvatica;5;0;;;;
05.09.2024;NEU;SG;3;9;1;24.09.2024;JK;2;Acer pseudoplatanus;9;2;;;;
22.08.2024;NEU;;1;10;2;24.09.2024;JK;2;Tillia cordata;35;35;1;Crack;ID NOT WRITTEN ON THE BAG;
22.08.2024;NEU;EP;1;10;2;24.09.2024;JK;2;Fagus sylvatica;5;5;;;;
22.08.2024;NEU;EP;1;10;2;24.09.2024;JK;2;Acer pseudoplatanus;9;9;;;;
22.08.2024;NEU;EP;1;10;1;24.09.2024;JK;2;Tillia cordata;35;36;;;36 seeds of tillia;
22.08.2024;NEU;EP;1;10;1;24.09.2024;JK;2;Fagus sylvatica;5;5;;;;
22.08.2024;NEU;EP;1;10;1;24.09.2024;JK;2;Acer pseudoplatanus;9;9;;;;
29.08.2024;NEU;MD&SG;2;10;1;24.09.2024;JK;2;Tillia cordata;35;35;;;;
29.08.2024;NEU;MD&SG;2;10;1;24.09.2024;JK;2;Fagus sylvatica;5;6;;;more seeds;
29.08.2024;NEU;MD&SG;2;10;1;24.09.2024;JK;2;Acer pseudoplatanus;9;9;;;;
29.08.2024;NEU;MD&SG;2;10;2;24.09.2024;JK;2;Tillia cordata;35;35;;;;
29.08.2024;NEU;MD&SG;2;10;2;24.09.2024;JK;2;Fagus sylvatica;5;5;;;;
29.08.2024;NEU;MD&SG;2;10;2;24.09.2024;JK;2;Acer pseudoplatanus;9;9;19;;more seeds;
05.09.2024;NEU;EP;3;10;1;25.09.2024;JK;2;Tillia cordata;35;10;2;Hole;;
05.09.2024;NEU;EP;3;10;1;25.09.2024;JK;2;Fagus sylvatica;5;0;;;;
05.09.2024;NEU;EP;3;10;1;25.09.2024;JK;2;Acer pseudoplatanus;9;4;2;Crack;;
05.09.2024;NEU;MD;3;10;2;25.09.2024;JK;2;Tillia cordata;35;35;1;Crack;;
05.09.2024;NEU;MD;3;10;2;25.09.2024;JK;2;Fagus sylvatica;5;5;;;;
05.09.2024;NEU;MD;3;10;2;25.09.2024;JK;2;Acer pseudoplatanus;9;9;;;;
18.09.2024;SCH;;1;1;1;22.10.2024;CW;3;Abies alba;25;25;;;;
18.09.2024;SCH;;1;1;1;22.10.2024;CW;3;Fagus sylvatica;5;5;;;;
18.09.2024;SCH;;1;1;1;22.10.2024;CW;3;Acer pseudoplatanus;9;9;;;;
18.09.2024;SCH;;1;1;2;22.10.2024;CW;3;Abies alba;25;25;;;;
18.09.2024;SCH;;1;1;2;22.10.2024;CW;;Fagus sylvatica;5;5;;;;
18.09.2024;SCH;;1;1;2;22.10.2024;CW;3;Acer pseudoplatanus;9;9;;;;
18.09.2024;SCH;;1;2;1;22.10.2024;CW;3;Abies alba;25;25;;;;
18.09.2024;SCH;;1;2;1;22.10.2024;CW;3;Fagus sylvatica;5;5;;;;
18.09.2024;SCH;;1;2;1;22.10.2024;CW;3;Acer pseudoplatanus;9;9;;;;
18.09.2024;SCH;;1;2;2;22.10.2024;CW;3;Abies alba;25;25;;;;
18.09.2024;SCH;;1;2;2;22.10.2024;CW;3;Fagus sylvatica;5;5;;;;
18.09.2024;SCH;;1;2;2;22.10.2024;CW;3;Acer pseudoplatanus;9;9;;;;
18.09.2024;SCH;;1;3;1;22.10.2024;CW;3;Abies alba;25;25;;;;
18.09.2024;SCH;;1;3;1;22.10.2024;CW;3;Fagus sylvatica;5;5;;;;
18.09.2024;SCH;;1;3;1;22.10.2024;CW;3;Acer pseudoplatanus;9;9;;;;
18.09.2024;SCH;;1;3;2;22.10.2024;CW;3;Abies alba;25;25;;;;
18.09.2024;SCH;;1;3;2;22.10.2024;CW;3;Fagus sylvatica;5;5;;;;
18.09.2024;SCH;;1;3;2;22.10.2024;CW;3;Acer pseudoplatanus;9;9;;;;
18.09.2024;SCH;;1;4;1;22.10.2024;CW;3;Abies alba;25;25;;;;
18.09.2024;SCH;;1;4;1;22.10.2024;CW;3;Fagus sylvatica;5;5;;;;
18.09.2024;SCH;;1;4;1;22.10.2024;CW;3;Acer pseudoplatanus;9;9;;;;
18.09.2024;SCH;;1;4;2;22.10.2024;CW;3;Abies alba;25;25;;;;
18.09.2024;SCH;;1;4;2;22.10.2024;CW;3;Fagus sylvatica;5;5;;;;
18.09.2024;SCH;;1;4;2;22.10.2024;CW;3;Acer pseudoplatanus;9;9;;;;
18.09.2024;SCH;;1;5;1;22.10.2024;CW;3;Abies alba;25;25;;;;
18.09.2024;SCH;;1;5;1;22.10.2024;CW;3;Fagus sylvatica;5;0;;;;
18.09.2024;SCH;;1;5;1;22.10.2024;CW;3;Acer pseudoplatanus;9;9;2;Crack;;
18.09.2024;SCH;;1;5;2;22.10.2024;CW;3;Abies alba;25;17;;;;
18.09.2024;SCH;;1;5;2;22.10.2024;CW;3;Fagus sylvatica;5;3;;;;
18.09.2024;SCH;;1;5;2;22.10.2024;CW;3;Acer pseudoplatanus;9;5;;;;
18.09.2024;SCH;;1;6;1;22.10.2024;CW;3;Abies alba;25;25;1;Hole;3 ants;
18.09.2024;SCH;;1;6;1;22.10.2024;CW;3;Fagus sylvatica;5;5;;;;
18.09.2024;SCH;;1;6;1;22.10.2024;CW;3;Acer pseudoplatanus;9;9;1;Crack;;
18.09.2024;SCH;;1;6;2;22.10.2024;CW;3;Abies alba;25;25;;;;
18.09.2024;SCH;;1;6;2;22.10.2024;CW;3;Fagus sylvatica;5;5;;;;
18.09.2024;SCH;;1;6;2;22.10.2024;CW;3;Acer pseudoplatanus;9;9;2;Crack;;
18.09.2024;SCH;;1;7;1;22.10.2024;CW;3;Abies alba;25;25;;;;
18.09.2024;SCH;;1;7;1;22.10.2024;CW;3;Fagus sylvatica;5;5;;;;
18.09.2024;SCH;;1;7;1;22.10.2024;CW;3;Acer pseudoplatanus;9;9;1;Crack;;
18.09.2024;SCH;;1;7;2;22.10.2024;CW;3;Abies alba;25;25;;;;
18.09.2024;SCH;;1;7;2;22.10.2024;CW;3;Fagus sylvatica;5;5;;;;
18.09.2024;SCH;;1;7;2;22.10.2024;CW;3;Acer pseudoplatanus;9;9;1;Crack;;
18.09.2024;SCH;;1;8;1;22.10.2024;CW;3;Abies alba;25;25;;;;
18.09.2024;SCH;;1;8;1;22.10.2024;CW;3;Fagus sylvatica;5;5;;;;
18.09.2024;SCH;;1;8;1;22.10.2024;CW;3;Acer pseudoplatanus;9;9;;;;
18.09.2024;SCH;;1;8;2;22.10.2024;CW;3;Abies alba;25;25;;;;
18.09.2024;SCH;;1;8;2;22.10.2024;CW;3;Fagus sylvatica;5;5;;;;
18.09.2024;SCH;;1;8;2;22.10.2024;CW;3;Acer pseudoplatanus;9;9;;;;
18.09.2024;SCH;;1;9;1;22.10.2024;CW;3;Abies alba;25;25;;;;
18.09.2024;SCH;;1;9;1;22.10.2024;CW;3;Fagus sylvatica;5;5;;;;
18.09.2024;SCH;;1;9;1;22.10.2024;CW;3;Acer pseudoplatanus;9;9;;;;
18.09.2024;SCH;;1;9;2;22.10.2024;CW;3;Abies alba;25;25;;;;
18.09.2024;SCH;;1;9;2;22.10.2024;CW;3;Fagus sylvatica;5;5;;;;
18.09.2024;SCH;;1;9;2;22.10.2024;CW;3;Acer pseudoplatanus;9;9;;;;
18.09.2024;SCH;;1;10;1;22.10.2024;CW;3;Abies alba;25;25;;;1 spider;
18.09.2024;SCH;;1;10;1;22.10.2024;CW;3;Fagus sylvatica;5;5;;;;
18.09.2024;SCH;;1;10;1;22.10.2024;CW;3;Acer pseudoplatanus;9;9;;;;
18.09.2024;SCH;;1;10;2;22.10.2024;CW;3;Abies alba;25;25;;;1 worm;
18.09.2024;SCH;;1;10;2;22.10.2024;CW;3;Fagus sylvatica;5;5;;;;
18.09.2024;SCH;;1;10;2;22.10.2024;CW;3;Acer pseudoplatanus;9;9;;;;
25.09.2024;SCH;MD;2;1;1;26.09.2024;JK;3;Abies alba;25;25;;;ID=MD&JK for all SCH bags;
25.09.2024;SCH;MD;2;1;1;26.09.2024;JK;3;Fagus sylvatica;5;5;;;;
25.09.2024;SCH;MD;2;1;1;26.09.2024;JK;3;Acer pseudoplatanus;9;9;;;;
25.09.2024;SCH;MD;2;1;2;26.09.2024;JK;3;Abies alba;25;25;;;;
25.09.2024;SCH;MD;2;1;2;26.09.2024;JK;3;Fagus sylvatica;5;5;;;;
25.09.2024;SCH;MD;2;1;2;26.09.2024;JK;3;Acer pseudoplatanus;9;9;1;Crack;;
25.09.2024;SCH;MD;2;2;1;26.09.2024;JK;3;Abies alba;25;25;;;;
25.09.2024;SCH;MD;2;2;1;26.09.2024;JK;3;Fagus sylvatica;5;5;;;;
25.09.2024;SCH;MD;2;2;1;26.09.2024;JK;3;Acer pseudoplatanus;9;9;;;;
25.09.2024;SCH;MD;2;2;2;26.09.2024;JK;3;Abies alba;25;25;;;;
25.09.2024;SCH;MD;2;2;2;26.09.2024;JK;3;Fagus sylvatica;5;5;;;;
25.09.2024;SCH;MD;2;2;2;26.09.2024;JK;3;Acer pseudoplatanus;9;9;;;;
25.09.2024;SCH;MD;2;3;1;26.09.2024;JK;3;Abies alba;25;25;;;;
25.09.2024;SCH;MD;2;3;1;26.09.2024;JK;3;Fagus sylvatica;5;5;;;;
25.09.2024;SCH;MD;2;3;1;26.09.2024;JK;3;Acer pseudoplatanus;9;9;;;;
25.09.2024;SCH;MD;2;3;2;26.09.2024;JK;3;Abies alba;25;25;;;;
25.09.2024;SCH;MD;2;3;2;26.09.2024;JK;3;Fagus sylvatica;5;5;;;;
25.09.2024;SCH;MD;2;3;2;26.09.2024;JK;3;Acer pseudoplatanus;9;9;;;;
25.09.2024;SCH;MD;2;4;1;26.09.2024;JK;3;Abies alba;25;2;;;;
25.09.2024;SCH;MD;2;4;1;26.09.2024;JK;3;Fagus sylvatica;5;0;;;;
25.09.2024;SCH;MD;2;4;1;26.09.2024;JK;3;Acer pseudoplatanus;9;3;;;;
25.09.2024;SCH;MD;2;4;2;26.09.2024;JK;3;Abies alba;25;25;;;;
25.09.2024;SCH;MD;2;4;2;26.09.2024;JK;3;Fagus sylvatica;5;5;;;;
25.09.2024;SCH;MD;2;4;2;26.09.2024;JK;3;Acer pseudoplatanus;9;9;;;;
25.09.2024;SCH;MD;2;5;1;26.09.2024;JK;3;Abies alba;25;0;;;;
25.09.2024;SCH;MD;2;5;1;26.09.2024;JK;3;Fagus sylvatica;5;0;;;;
25.09.2024;SCH;MD;2;5;1;26.09.2024;JK;3;Acer pseudoplatanus;9;1;;;;
25.09.2024;SCH;MD;2;5;2;26.09.2024;JK;3;Abies alba;25;25;;;;
25.09.2024;SCH;MD;2;5;2;26.09.2024;JK;3;Fagus sylvatica;5;5;;;;
25.09.2024;SCH;MD;2;5;2;26.09.2024;JK;3;Acer pseudoplatanus;9;9;2;Crack;;
25.09.2024;SCH;MD;2;6;1;26.09.2024;JK;3;Abies alba;25;8;;;;
25.09.2024;SCH;MD;2;6;1;26.09.2024;JK;3;Fagus sylvatica;5;0;;;;
25.09.2024;SCH;MD;2;6;1;26.09.2024;JK;3;Acer pseudoplatanus;9;2;;;;
25.09.2024;SCH;MD;2;6;2;26.09.2024;JK;3;Abies alba;25;25;;;;
25.09.2024;SCH;MD;2;6;2;26.09.2024;JK;3;Fagus sylvatica;5;5;;;;
25.09.2024;SCH;MD;2;6;2;26.09.2024;JK;3;Acer pseudoplatanus;9;9;1;Crack;;
25.09.2024;SCH;MD;2;7;1;26.09.2024;JK;3;Abies alba;25;25;;;;
25.09.2024;SCH;MD;2;7;1;26.09.2024;JK;3;Fagus sylvatica;5;5;;;;
25.09.2024;SCH;MD;2;7;1;26.09.2024;JK;3;Acer pseudoplatanus;9;9;;;;
25.09.2024;SCH;MD;2;7;2;26.09.2024;JK;3;Abies alba;25;25;;;;
25.09.2024;SCH;MD;2;7;2;26.09.2024;JK;3;Fagus sylvatica;5;5;;;;
25.09.2024;SCH;MD;2;7;2;26.09.2024;JK;3;Acer pseudoplatanus;9;9;;;;
25.09.2024;SCH;MD;2;8;1;26.09.2024;JK;3;Abies alba;25;0;;;;
25.09.2024;SCH;MD;2;8;1;26.09.2024;JK;3;Fagus sylvatica;5;0;;;;
25.09.2024;SCH;MD;2;8;1;26.09.2024;JK;3;Acer pseudoplatanus;9;0;;;;
25.09.2024;SCH;MD;2;8;2;26.09.2024;JK;3;Abies alba;25;25;;;;
25.09.2024;SCH;MD;2;8;2;26.09.2024;JK;3;Fagus sylvatica;5;6;2;Crack;more seeds, one that is extra looks different, like it would be brought inside;
25.09.2024;SCH;MD;2;8;2;26.09.2024;JK;3;Acer pseudoplatanus;9;9;1;Crack;;
25.09.2024;SCH;MD;2;9;1;26.09.2024;JK;3;Abies alba;25;25;;;;
25.09.2024;SCH;MD;2;9;1;26.09.2024;JK;3;Fagus sylvatica;5;5;;;;
25.09.2024;SCH;MD;2;9;1;26.09.2024;JK;3;Acer pseudoplatanus;9;9;;;;
25.09.2024;SCH;MD;2;9;2;26.09.2024;JK;3;Abies alba;25;25;;;;
25.09.2024;SCH;MD;2;9;2;26.09.2024;JK;3;Fagus sylvatica;5;5;;;;
25.09.2024;SCH;MD;2;9;2;26.09.2024;JK;3;Acer pseudoplatanus;9;9;;;;
25.09.2024;SCH;MD;2;10;1;26.09.2024;JK;3;Abies alba;25;0;;;;
25.09.2024;SCH;MD;2;10;1;26.09.2024;JK;3;Fagus sylvatica;5;0;;;;
25.09.2024;SCH;MD;2;10;1;26.09.2024;JK;3;Acer pseudoplatanus;9;0;;;;
25.09.2024;SCH;MD;2;10;2;26.09.2024;JK;3;Abies alba;25;25;;;;
25.09.2024;SCH;MD;2;10;2;26.09.2024;JK;3;Fagus sylvatica;5;5;;;;
25.09.2024;SCH;MD;2;10;2;26.09.2024;JK;3;Acer pseudoplatanus;9;9;2;Crack;;
02.10.2024;SCH;OL&JN&SG;3;1;2;03.03.2025;CT;3;Abies alba;25;24;0;;;
02.10.2024;SCH;OL&JN&SG;3;1;2;03.03.2025;CT;3;Fagus sylvatica;5;5;0;;;
02.10.2024;SCH;OL&JN&SG;3;1;2;03.03.2025;CT;3;Acer pseudoplatanus;9;9;0;;;
02.10.2024;SCH;OL&JN&SG;3;1;1;03.03.2025;CT;3;Abies alba;25;25;1;Hole;;
02.10.2024;SCH;OL&JN&SG;3;1;1;03.03.2025;CT;3;Fagus sylvatica;5;5;0;;;
02.10.2024;SCH;OL&JN&SG;3;1;1;03.03.2025;CT;3;Acer pseudoplatanus;9;9;0;;;
02.10.2024;SCH;SG;3;2;1;05.11.2024;CW;3;Abies alba;25;25;;;1 insect;
02.10.2024;SCH;SG;3;2;1;05.11.2024;CW;3;Fagus sylvatica;5;2;;;;
02.10.2024;SCH;SG;3;2;1;05.11.2024;CW;3;Acer pseudoplatanus;9;8;;;;
02.10.2024;SCH;OL&JN&SG;3;3;2;26.02.2025;CT;3;Abies alba;25;25;0;;;
02.10.2024;SCH;OL&JN&SG;3;3;2;26.02.2025;CT;3;Fagus sylvatica;5;5;0;;;
02.10.2024;SCH;OL&JN&SG;3;3;2;26.02.2025;CT;3;Acer pseudoplatanus;9;9;1;Hole;;
02.10.2024;SCH;OL&JN&SG;3;3;1;03.03.2025;CT;3;Abies alba;25;25;1;Crack;;
02.10.2024;SCH;OL&JN&SG;3;3;1;03.03.2025;CT;3;Fagus sylvatica;5;0;0;;;
02.10.2024;SCH;OL&JN&SG;3;3;1;03.03.2025;CT;3;Acer pseudoplatanus;9;2;1;Crack;A lot of empty leftover seed coats;
02.10.2024;SCH;OL&JN&SG;3;2;2;03.03.2025;CT;3;Abies alba;25;25;0;;;
02.10.2024;SCH;OL&JN&SG;3;2;2;03.03.2025;CT;3;Fagus sylvatica;5;5;0;;;
02.10.2024;SCH;OL&JN&SG;3;2;2;03.03.2025;CT;3;Acer pseudoplatanus;9;9;0;;;
02.10.2024;SCH;OL&JN&SG;3;4;1;26.02.2025;CT;3;Abies alba;25;23;0;;;
02.10.2024;SCH;OL&JN&SG;3;4;1;26.02.2025;CT;3;Fagus sylvatica;5;0;0;;;
02.10.2024;SCH;OL&JN&SG;3;4;1;26.02.2025;CT;3;Acer pseudoplatanus;9;8;0;;;
02.10.2024;SCH;OL&JN&SG;3;4;2;03.03.2025;CT;3;Abies alba;25;25;2;;;
02.10.2024;SCH;OL&JN&SG;3;4;2;03.03.2025;CT;3;Fagus sylvatica;5;5;0;;;
02.10.2024;SCH;OL&JN&SG;3;4;2;03.03.2025;CT;3;Acer pseudoplatanus;9;9;0;;;
02.10.2024;SCH;OL&JN&SG;3;5;1;03.03.2025;CT;3;Abies alba;25;22;0;;;
02.10.2024;SCH;OL&JN&SG;3;5;1;03.03.2025;CT;3;Fagus sylvatica;5;0;0;;;
02.10.2024;SCH;OL&JN&SG;3;5;1;03.03.2025;CT;3;Acer pseudoplatanus;9;5;0;;;
02.10.2024;SCH;OL&JN&SG;3;5;2;03.03.2025;CT;3;Abies alba;25;25;1;Hole;;
02.10.2024;SCH;OL&JN&SG;3;5;2;03.03.2025;CT;3;Fagus sylvatica;5;5;0;;;
02.10.2024;SCH;OL&JN&SG;3;5;2;03.03.2025;CT;3;Acer pseudoplatanus;9;9;0;;;
02.10.2024;SCH;OL&JN&SG;3;6;1;03.03.2025;CT;3;Abies alba;25;20;9;;;
02.10.2024;SCH;OL&JN&SG;3;6;1;03.03.2025;CT;3;Fagus sylvatica;5;0;0;;;
02.10.2024;SCH;OL&JN&SG;3;6;1;03.03.2025;CT;3;Acer pseudoplatanus;9;1;0;;A lot of empty leftover seed coats;
02.10.2024;SCH;OL&JN&SG;3;6;2;03.03.2025;CT;3;Abies alba;25;25;0;;;
02.10.2024;SCH;OL&JN&SG;3;6;2;03.03.2025;CT;3;Fagus sylvatica;5;5;0;;;
02.10.2024;SCH;OL&JN&SG;3;6;2;03.03.2025;CT;3;Acer pseudoplatanus;9;9;0;;;
02.10.2024;SCH;SG;3;7;1;05.11.2024;CW;3;Abies alba;25;9;;;;
02.10.2024;SCH;SG;3;7;1;05.11.2024;CW;3;Fagus sylvatica;5;0;;;;
02.10.2024;SCH;SG;3;7;1;05.11.2024;CW;3;Acer pseudoplatanus;9;1;;;;
02.10.2024;SCH;OL&JN&SG;3;7;2;03.03.2025;CT;3;Abies alba;25;25;1;;;
02.10.2024;SCH;OL&JN&SG;3;7;2;03.03.2025;CT;3;Fagus sylvatica;5;5;0;;;
02.10.2024;SCH;OL&JN&SG;3;7;2;03.03.2025;CT;3;Acer pseudoplatanus;9;9;0;;;
02.10.2024;SCH;SG;3;8;1;05.11.2024;CW;3;Abies alba;25;3;1;Hole;1 of the 3 empty;
02.10.2024;SCH;SG;3;8;1;05.11.2024;CW;3;Fagus sylvatica;5;0;;;;
02.10.2024;SCH;SG;3;8;1;05.11.2024;CW;3;Acer pseudoplatanus;9;1;1;Hole;Empty without seed;
02.10.2024;SCH;SG;3;8;2;05.11.2024;CW;3;Abies alba;25;25;;;;
02.10.2024;SCH;SG;3;8;2;05.11.2024;CW;3;Fagus sylvatica;5;5;;;;
02.10.2024;SCH;SG;3;8;2;05.11.2024;CW;3;Acer pseudoplatanus;9;9;;;;
02.10.2024;SCH;OL&JN&SG;3;9;2;26.02.2025;CT;3;Abies alba;25;25;0;;;
02.10.2024;SCH;OL&JN&SG;3;9;2;26.02.2025;CT;3;Fagus sylvatica;5;5;0;;;
02.10.2024;SCH;OL&JN&SG;3;9;2;26.02.2025;CT;3;Acer pseudoplatanus;9;9;0;;;
02.10.2024;SCH;OL&JN&SG;3;9;1;03.03.2025;CT;3;Abies alba;25;6;3;Hole and Crack;A lot of empty leftover seed coats;
02.10.2024;SCH;OL&JN&SG;3;9;1;03.03.2025;CT;3;Fagus sylvatica;5;0;0;;;
02.10.2024;SCH;OL&JN&SG;3;9;1;03.03.2025;CT;3;Acer pseudoplatanus;9;2;1;Crack;Empty seed coat;
02.10.2024;SCH;OL&JN&SG;3;10;2;03.03.2025;CT;3;Abies alba;25;24;0;;;
02.10.2024;SCH;OL&JN&SG;3;10;2;03.03.2025;CT;3;Fagus sylvatica;5;5;0;;;
02.10.2024;SCH;OL&JN&SG;3;10;2;03.03.2025;CT;3;Acer pseudoplatanus;9;9;0;;;
02.10.2024;SCH;OL&JN&SG;3;10;1;03.03.2025;CT;3;Abies alba;25;19;0;;A lot of dried leaves and litter;
02.10.2024;SCH;OL&JN&SG;3;10;1;03.03.2025;CT;3;Fagus sylvatica;5;0;0;;A lot of dried leaves and litter;
02.10.2024;SCH;OL&JN&SG;3;10;1;03.03.2025;CT;3;Acer pseudoplatanus;9;2;0;;A lot of dried leaves and litter;
09.10.2024;VOR;MD&SG;1;1;1;15.01.2025;CT;1;Abies alba;25;25;1;Crack;Part of one seed missing;
09.10.2024;VOR;MD&SG;1;1;1;15.01.2025;CT;1;Fagus sylvatica;5;5;0;;;
09.10.2024;VOR;MD&SG;1;1;1;15.01.2025;CT;1;Picea abies;120;120;1;Crack;;
09.10.2024;VOR;MD&SG;1;1;2;25.11.2024;EP;1;Abies alba;25;25;;;;
09.10.2024;VOR;MD&SG;1;1;2;25.11.2024;EP;1;Fagus sylvatica;5;5;;;;
09.10.2024;VOR;MD&SG;1;1;2;25.11.2024;EP;1;Picea abies;120;120;;;;
09.10.2024;VOR;MD&SG;1;2;1;25.11.2024;EP;1;Abies alba;25;25;;;;
09.10.2024;VOR;MD&SG;1;2;1;25.11.2024;EP;1;Fagus sylvatica;5;5;;;;
09.10.2024;VOR;MD&SG;1;2;1;25.11.2024;EP;1;Picea abies;120;119;;;;
09.10.2024;VOR;MD&SG;1;2;2;25.11.2024;EP;1;Abies alba;25;25;;;;
09.10.2024;VOR;MD&SG;1;2;2;25.11.2024;EP;1;Fagus sylvatica;5;6;;;;
09.10.2024;VOR;MD&SG;1;2;2;25.11.2024;EP;1;Picea abies;120;120;;;;
09.10.2024;VOR;MD&SG;1;3;1;16.01.2025;CT;1;Abies alba;25;25;1;Crack;Bug in sample, Part of 1 seed missing;
09.10.2024;VOR;MD&SG;1;3;1;16.01.2025;CT;1;Fagus sylvatica;5;5;0;;Bug in sample;
09.10.2024;VOR;MD&SG;1;3;1;16.01.2025;CT;1;Picea abies;120;120;4;Crack;Bug in sample;
09.10.2024;VOR;MD&SG;1;3;2;16.01.2025;CT;1;Abies alba;25;25;0;;;
09.10.2024;VOR;MD&SG;1;3;2;16.01.2025;CT;1;Fagus sylvatica;5;5;0;;;
09.10.2024;VOR;MD&SG;1;3;2;16.01.2025;CT;1;Picea abies;120;120;0;;;
09.10.2024;VOR;MD&SG;1;4;1;16.01.2025;CT;1;Abies alba;25;25;0;;;
09.10.2024;VOR;MD&SG;1;4;1;16.01.2025;CT;1;Fagus sylvatica;5;5;0;;;
09.10.2024;VOR;MD&SG;1;4;1;16.01.2025;CT;1;Picea abies;120;121;2;Crack;;
09.10.2024;VOR;MD&SG;1;4;2;25.11.2024;EP;1;Abies alba;25;25;;;;
09.10.2024;VOR;MD&SG;1;4;2;25.11.2024;EP;1;Fagus sylvatica;5;5;;;;
09.10.2024;VOR;MD&SG;1;4;2;25.11.2024;EP;1;Picea abies;120;119;;;;
09.10.2024;VOR;MD&SG;1;5;1;25.11.2024;EP;1;Abies alba;25;25;;;;
09.10.2024;VOR;MD&SG;1;5;1;25.11.2024;EP;1;Fagus sylvatica;5;5;;;;
09.10.2024;VOR;MD&SG;1;5;1;25.11.2024;EP;1;Picea abies;120;119;;;;
09.10.2024;VOR;MD&SG;1;5;2;16.01.2025;CT;1;Abies alba;25;25;0;;;
09.10.2024;VOR;MD&SG;1;5;2;16.01.2025;CT;1;Fagus sylvatica;5;5;0;;;
09.10.2024;VOR;MD&SG;1;5;2;16.01.2025;CT;1;Picea abies;120;120;0;;;
09.10.2024;VOR;MD&SG;1;6;2;16.01.2025;CT;1;Abies alba;25;25;0;;;
09.10.2024;VOR;MD&SG;1;6;2;16.01.2025;CT;1;Fagus sylvatica;5;5;0;;;
09.10.2024;VOR;MD&SG;1;6;1;25.11.2024;EP;1;Abies alba;25;25;;;;
09.10.2024;VOR;MD&SG;1;6;1;25.11.2024;EP;1;Fagus sylvatica;5;5;;;;
09.10.2024;VOR;MD&SG;1;6;1;25.11.2024;EP;1;Picea abies;120;120;;;;
09.10.2024;VOR;MD&SG;1;6;2;16.01.2025;CT;1;Picea abies;120;120;0;;;
09.10.2024;VOR;MD&SG;1;7;1;25.11.2024;EP;1;Abies alba;25;25;;;;
09.10.2024;VOR;MD&SG;1;7;1;25.11.2024;EP;1;Fagus sylvatica;5;5;;;;
09.10.2024;VOR;MD&SG;1;7;1;25.11.2024;EP;1;Picea abies;120;119;;;;
09.10.2024;VOR;MD&SG;1;7;2;16.01.2025;CT;1;Abies alba;25;25;0;;;
09.10.2024;VOR;MD&SG;1;7;2;16.01.2025;CT;1;Fagus sylvatica;5;5;0;;;
09.10.2024;VOR;MD&SG;1;7;2;16.01.2025;CT;1;Picea abies;120;120;1;Hole;;
09.10.2024;VOR;MD&SG;1;8;1;15.01.2025;CT;1;Abies alba;25;25;0;;;
09.10.2024;VOR;MD&SG;1;8;1;15.01.2025;CT;1;Fagus sylvatica;5;5;0;;;
09.10.2024;VOR;MD&SG;1;8;1;15.01.2025;CT;1;Picea abies;120;122;2;Hole;;
09.10.2024;VOR;MD&SG;1;8;2;15.01.2025;CT;1;Abies alba;25;25;0;;;
09.10.2024;VOR;MD&SG;1;8;2;15.01.2025;CT;1;Fagus sylvatica;5;5;0;;;
09.10.2024;VOR;MD&SG;1;8;2;15.01.2025;CT;1;Picea abies;120;120;0;;;
09.10.2024;VOR;MD&SG;1;9;1;16.01.2025;CT;1;Abies alba;25;25;0;;;
09.10.2024;VOR;MD&SG;1;9;1;16.01.2025;CT;1;Fagus sylvatica;5;0;0;;A lot of empty seed coats left;
09.10.2024;VOR;MD&SG;1;9;1;16.01.2025;CT;1;Picea abies;120;55;7;Hole and Crack;;
09.10.2024;VOR;MD&SG;1;9;2;15.01.2025;CT;1;Abies alba;25;25;0;;;
09.10.2024;VOR;MD&SG;1;9;2;15.01.2025;CT;1;Fagus sylvatica;5;5;0;;;
09.10.2024;VOR;MD&SG;1;9;2;15.01.2025;CT;1;Picea abies;120;120;1;Hole;;
09.10.2024;VOR;MD&SG;1;10;1;15.01.2025;CT;1;Abies alba;25;25;1;Crack;;
09.10.2024;VOR;MD&SG;1;10;1;15.01.2025;CT;1;Fagus sylvatica;5;5;0;;;
09.10.2024;VOR;MD&SG;1;10;1;15.01.2025;CT;1;Picea abies;120;120;1;Crack;;
09.10.2024;VOR;MD&SG;1;10;2;16.01.2025;CT;1;Abies alba;25;25;0;;;
09.10.2024;VOR;MD&SG;1;10;2;16.01.2025;CT;1;Fagus sylvatica;5;5;0;;;
09.10.2024;VOR;MD&SG;1;10;2;16.01.2025;CT;1;Picea abies;120;120;0;;;
16.10.2024;VOR;SG&JK;2;1;1;17.03.2025;CT;1;Abies alba;25;25;0;;;
16.10.2024;VOR;SG&JK;2;1;1;17.03.2025;CT;1;Fagus sylvatica;5;5;0;;;
16.10.2024;VOR;SG&JK;2;1;1;17.03.2025;CT;1;Picea abies;120;120;1;Hole;;
16.10.2024;VOR;SG&JK;2;1;2;11.03.2024;CT;1;Abies alba;25;25;0;;;
16.10.2024;VOR;SG&JK;2;1;2;11.03.2024;CT;1;Fagus sylvatica;5;5;0;;;
16.10.2024;VOR;SG&JK;2;1;2;11.03.2024;CT;1;Picea abies;120;118;2;Hole;;
16.10.2024;VOR;SG&JK;2;2;1;12.03.2024;CT;1;Abies alba;25;25;1;Crack;;
16.10.2024;VOR;SG&JK;2;2;1;12.03.2024;CT;1;Fagus sylvatica;5;5;0;;;
16.10.2024;VOR;SG&JK;2;2;1;12.03.2024;CT;1;Picea abies;120;120;1;Hole;;
16.10.2024;VOR;SG&JK;2;2;2;12.03.2024;CT;1;Abies alba;25;25;0;;;
16.10.2024;VOR;SG&JK;2;2;2;12.03.2024;CT;1;Fagus sylvatica;5;5;0;;;
16.10.2024;VOR;SG&JK;2;2;2;12.03.2024;CT;1;Picea abies;120;119;0;;;
16.10.2024;VOR;SG&JK;2;3;1;17.03.2025;CT;1;Abies alba;25;25;0;;;
16.10.2024;VOR;SG&JK;2;3;1;17.03.2025;CT;1;Fagus sylvatica;5;5;0;;;
16.10.2024;VOR;SG&JK;2;3;1;17.03.2025;CT;1;Picea abies;120;119;0;;;
16.10.2024;VOR;SG&JK;2;3;2;12.03.2024;CT;1;Abies alba;25;25;0;;;
16.10.2024;VOR;SG&JK;2;3;2;12.03.2024;CT;1;Fagus sylvatica;5;5;0;;;
16.10.2024;VOR;SG&JK;2;3;2;12.03.2024;CT;1;Picea abies;120;120;1;Hole;;
16.10.2024;VOR;SG&JK;2;4;1;17.03.2025;CT;1;Abies alba;25;25;0;;;
16.10.2024;VOR;SG&JK;2;4;1;17.03.2025;CT;1;Fagus sylvatica;5;5;0;;;
16.10.2024;VOR;SG&JK;2;4;1;17.03.2025;CT;1;Picea abies;120;120;0;;;
16.10.2024;VOR;SG&JK;2;4;2;10.03.2024;CT;1;Abies alba;25;25;1;Hole;;
16.10.2024;VOR;SG&JK;2;4;2;10.03.2024;CT;1;Fagus sylvatica;5;5;0;;;
16.10.2024;VOR;SG&JK;2;4;2;10.03.2024;CT;1;Picea abies;120;118;1;Hole;;
16.10.2024;VOR;SG&JK;2;5;1;17.03.2025;CT;1;Abies alba;25;25;0;;;
16.10.2024;VOR;SG&JK;2;5;1;17.03.2025;CT;1;Fagus sylvatica;5;5;0;;;
16.10.2024;VOR;SG&JK;2;5;1;17.03.2025;CT;1;Picea abies;120;116;0;;;
16.10.2024;VOR;SG&JK;2;5;2;11.03.2024;CT;1;Abies alba;25;25;0;;;
16.10.2024;VOR;SG&JK;2;5;2;11.03.2024;CT;1;Fagus sylvatica;5;5;0;;;
16.10.2024;VOR;SG&JK;2;5;2;11.03.2024;CT;1;Picea abies;120;120;0;;;
16.10.2024;VOR;SG&JK;2;6;1;17.03.2025;CT;1;Abies alba;25;25;0;;;
16.10.2024;VOR;SG&JK;2;6;1;17.03.2025;CT;1;Fagus sylvatica;5;5;0;;;
16.10.2024;VOR;SG&JK;2;6;1;17.03.2025;CT;1;Picea abies;120;120;0;;;
16.10.2024;VOR;SG&JK;2;6;2;18.03.2025;CT;1;Abies alba;25;25;3;Hole and Crack;;
16.10.2024;VOR;SG&JK;2;6;2;18.03.2025;CT;1;Fagus sylvatica;5;5;0;;;
16.10.2024;VOR;SG&JK;2;6;2;18.03.2025;CT;1;Picea abies;120;118;0;;;
16.10.2024;VOR;SG&JK;2;7;1;12.03.2024;CT;1;Abies alba;25;25;0;;;
16.10.2024;VOR;SG&JK;2;7;1;12.03.2024;CT;1;Fagus sylvatica;5;5;0;;;
16.10.2024;VOR;SG&JK;2;7;1;12.03.2024;CT;1;Picea abies;120;118;0;;;
16.10.2024;VOR;SG&JK;2;7;2;10.03.2024;CT;1;Abies alba;25;25;0;;;
16.10.2024;VOR;SG&JK;2;7;2;10.03.2024;CT;1;Fagus sylvatica;5;5;0;;;
16.10.2024;VOR;SG&JK;2;7;2;10.03.2024;CT;1;Picea abies;120;120;1;Hole;;
16.10.2024;VOR;SG&JK;2;8;1;12.03.2024;CT;1;Abies alba;25;25;0;;;
16.10.2024;VOR;SG&JK;2;8;1;12.03.2024;CT;1;Fagus sylvatica;5;5;0;;;
16.10.2024;VOR;SG&JK;2;8;1;12.03.2024;CT;1;Picea abies;120;120;1;Hole;;
16.10.2024;VOR;SG&JK;2;8;2;12.03.2024;CT;1;Abies alba;25;25;0;;;
16.10.2024;VOR;SG&JK;2;8;2;12.03.2024;CT;1;Fagus sylvatica;5;5;0;;;
16.10.2024;VOR;SG&JK;2;8;2;12.03.2024;CT;1;Picea abies;120;118;2;Hole and Crack;;
16.10.2024;VOR;SG&JK;2;9;1;18.03.2025;CT;1;Abies alba;25;25;0;;;
16.10.2024;VOR;SG&JK;2;9;1;18.03.2025;CT;1;Fagus sylvatica;5;5;0;;;
16.10.2024;VOR;SG&JK;2;9;1;18.03.2025;CT;1;Picea abies;120;122;1;Hole;;
16.10.2024;VOR;SG&JK;2;9;2;11.03.2024;CT;1;Abies alba;25;25;0;;;
16.10.2024;VOR;SG&JK;2;9;2;11.03.2024;CT;1;Fagus sylvatica;5;5;0;;;
16.10.2024;VOR;SG&JK;2;9;2;11.03.2024;CT;1;Picea abies;120;25;0;;;
16.10.2024;VOR;SG&JK;2;10;1;18.03.2025;CT;1;Abies alba;25;25;0;;;
16.10.2024;VOR;SG&JK;2;10;1;18.03.2025;CT;1;Fagus sylvatica;5;5;0;;;
16.10.2024;VOR;SG&JK;2;10;1;18.03.2025;CT;1;Picea abies;120;121;0;;;
16.10.2024;VOR;SG&JK;2;10;2;12.03.2024;CT;1;Abies alba;25;25;0;;;
16.10.2024;VOR;SG&JK;2;10;2;12.03.2024;CT;1;Fagus sylvatica;5;6;0;;;
16.10.2024;VOR;SG&JK;2;10;2;12.03.2024;CT;1;Picea abies;120;120;2;Hole and Crack;;
23.10.2024;VOR;MD;3;1;1;28.01.2025;CT;1;Abies alba;25;25;0;;;
23.10.2024;VOR;MD;3;1;1;28.01.2025;CT;1;Fagus sylvatica;5;5;0;;;
23.10.2024;VOR;MD;3;1;1;28.01.2025;CT;1;Picea abies;120;119;1;;;
23.10.2024;VOR;MD;3;1;2;28.01.2025;CT;1;Abies alba;25;25;0;;Dead ant in sample;
23.10.2024;VOR;MD;3;1;2;28.01.2025;CT;1;Fagus sylvatica;5;5;0;;Dead ant in sample;
23.10.2024;VOR;MD;3;1;2;28.01.2025;CT;1;Picea abies;120;119;0;;Dead ant in sample;
23.10.2024;VOR;MD;3;2;1;28.01.2025;CT;1;Abies alba;25;25;0;;;
23.10.2024;VOR;MD;3;2;1;28.01.2025;CT;1;Fagus sylvatica;5;5;0;;;
23.10.2024;VOR;MD;3;2;1;28.01.2025;CT;1;Picea abies;120;120;0;;;
23.10.2024;VOR;MD;3;2;2;27.01.2025;CT;1;Abies alba;25;25;1;Crack;Seed split, 1  part missing;
23.10.2024;VOR;MD;3;2;2;27.01.2025;CT;1;Fagus sylvatica;5;5;0;;;
23.10.2024;VOR;MD;3;2;2;27.01.2025;CT;1;Picea abies;120;119;0;;;
23.10.2024;VOR;MD;3;3;1;29.01.2025;CT;1;Abies alba;25;25;0;;Dead bug in sample;
23.10.2024;VOR;MD;3;3;1;29.01.2025;CT;1;Fagus sylvatica;5;5;0;;Dead bug in sample;
23.10.2024;VOR;MD;3;3;1;29.01.2025;CT;1;Picea abies;120;121;2;Hole;Dead bug in sample, 1 very small seed;
23.10.2024;VOR;MD;3;3;2;28.01.2025;CT;1;Abies alba;25;26;0;;Dead bug in sample;
23.10.2024;VOR;MD;3;3;2;28.01.2025;CT;1;Fagus sylvatica;5;5;0;;Dead bug in sample;
23.10.2024;VOR;MD;3;3;2;28.01.2025;CT;1;Picea abies;120;120;0;;Dead bug in sample;
23.10.2024;VOR;MD;3;4;1;28.01.2025;CT;1;Abies alba;25;23;1;Hole;;
23.10.2024;VOR;MD;3;4;1;28.01.2025;CT;1;Fagus sylvatica;5;5;0;;;
23.10.2024;VOR;MD;3;4;1;28.01.2025;CT;1;Picea abies;120;119;1;Crack;;
23.10.2024;VOR;MD;3;4;2;27.01.2025;CT;1;Abies alba;25;26;1;Crack;;
23.10.2024;VOR;MD;3;4;2;27.01.2025;CT;1;Fagus sylvatica;5;5;1;Hole;;
23.10.2024;VOR;MD;3;4;2;27.01.2025;CT;1;Picea abies;120;119;0;;;
23.10.2024;VOR;MD;3;5;1;27.01.2025;CT;1;Abies alba;25;25;0;;Various dead insects in sample;
23.10.2024;VOR;MD;3;5;1;27.01.2025;CT;1;Fagus sylvatica;5;5;0;;Various dead insects in sample;
23.10.2024;VOR;MD;3;5;1;27.01.2025;CT;1;Picea abies;120;121;1;Hole;Various dead insects in sample;
23.10.2024;VOR;MD;3;5;2;28.01.2025;CT;1;Abies alba;25;25;2;Hole;;
23.10.2024;VOR;MD;3;5;2;28.01.2025;CT;1;Fagus sylvatica;5;5;1;Crack;;
23.10.2024;VOR;MD;3;5;2;28.01.2025;CT;1;Picea abies;120;120;0;;;
23.10.2024;VOR;MD;3;6;1;27.01.2025;CT;1;Abies alba;25;24;0;;Dead bug in sample;
23.10.2024;VOR;MD;3;6;1;27.01.2025;CT;1;Fagus sylvatica;5;5;0;;Dead bug in sample;
23.10.2024;VOR;MD;3;6;1;27.01.2025;CT;1;Picea abies;120;119;1;Hole;Dead bug in sample;
23.10.2024;VOR;MD;3;6;2;27.01.2025;CT;1;Abies alba;25;25;0;;;
23.10.2024;VOR;MD;3;6;2;27.01.2025;CT;1;Fagus sylvatica;5;4;0;;;
23.10.2024;VOR;MD;3;6;2;27.01.2025;CT;1;Picea abies;120;121;1;Hole;;
23.10.2024;VOR;MD;3;7;1;29.01.2025;CT;1;Abies alba;25;26;0;;;
23.10.2024;VOR;MD;3;7;1;29.01.2025;CT;1;Fagus sylvatica;5;5;0;;;
23.10.2024;VOR;MD;3;7;1;29.01.2025;CT;1;Picea abies;120;121;0;;1 very small seed;
23.10.2024;VOR;MD;3;7;2;28.01.2025;CT;1;Abies alba;25;25;0;;;
23.10.2024;VOR;MD;3;7;2;28.01.2025;CT;1;Fagus sylvatica;5;5;0;;;
23.10.2024;VOR;MD;3;7;2;28.01.2025;CT;1;Picea abies;120;120;0;;;
23.10.2024;VOR;MD;3;8;1;28.01.2025;CT;1;Abies alba;25;25;0;;;
23.10.2024;VOR;MD;3;8;1;28.01.2025;CT;1;Fagus sylvatica;5;5;0;;;
23.10.2024;VOR;MD;3;8;1;28.01.2025;CT;1;Picea abies;120;118;1;Hole and Crack;;
23.10.2024;VOR;MD;3;8;2;27.01.2025;CT;1;Abies alba;25;25;0;;;
23.10.2024;VOR;MD;3;8;2;27.01.2025;CT;1;Fagus sylvatica;5;5;0;;;
23.10.2024;VOR;MD;3;8;2;27.01.2025;CT;1;Picea abies;120;120;3;Hole;;
23.10.2024;VOR;MD;3;9;1;28.01.2025;CT;1;Abies alba;25;25;0;;;
23.10.2024;VOR;MD;3;9;1;28.01.2025;CT;1;Fagus sylvatica;5;5;0;;;
23.10.2024;VOR;MD;3;9;1;28.01.2025;CT;1;Picea abies;120;120;0;;;
23.10.2024;VOR;MD;3;9;2;29.01.2025;CT;1;Abies alba;25;25;0;;;
23.10.2024;VOR;MD;3;9;2;29.01.2025;CT;1;Fagus sylvatica;5;5;0;;;
23.10.2024;VOR;MD;3;9;2;29.01.2025;CT;1;Picea abies;120;120;0;;;
23.10.2024;VOR;MD;3;10;1;27.01.2025;CT;1;Abies alba;25;25;0;;;
23.10.2024;VOR;MD;3;10;1;27.01.2025;CT;1;Fagus sylvatica;5;5;0;;;
23.10.2024;VOR;MD;3;10;1;27.01.2025;CT;1;Picea abies;120;118;0;;;
23.10.2024;VOR;MD;3;10;2;27.01.2025;CT;1;Abies alba;25;25;0;;Dead bug in sample;
23.10.2024;VOR;MD;3;10;2;27.01.2025;CT;1;Fagus sylvatica;5;5;1;Hole;Dead bug in sample;
23.10.2024;VOR;MD;3;10;2;27.01.2025;CT;1;Picea abies;120;119;2;Hole and Crack;Dead bug in sample;
21.08.2024;WAL;MD&EP;1;1;1;13.09.2024;SG;1;Fagus sylvatica;5;5;;;;
21.08.2024;WAL;MD&EP;1;1;1;13.09.2024;SG;1;Abies alba;25;25;;;;
21.08.2024;WAL;MD&EP;1;1;1;13.09.2024;SG;1;Picea abies;120;120;;;;
21.08.2024;WAL;MD&EP;1;1;2;13.09.2024;SG;1;Fagus sylvatica;5;5;;;;
21.08.2024;WAL;MD&EP;1;1;2;13.09.2024;SG;1;Abies alba;25;25;;;;
21.08.2024;WAL;MD&EP;1;1;2;13.09.2024;SG;1;Picea abies;120;120;;;;
21.08.2024;WAL;MD&EP;1;2;1;13.09.2024;SG;1;Fagus sylvatica;5;5;;;;
21.08.2024;WAL;MD&EP;1;2;1;13.09.2024;SG;1;Abies alba;25;25;;;;
21.08.2024;WAL;MD&EP;1;2;1;13.09.2024;SG;1;Picea abies;120;116;;;;
21.08.2024;WAL;MD&EP;1;2;2;13.09.2024;SG;1;Fagus sylvatica;5;5;;;;
21.08.2024;WAL;MD&EP;1;2;2;13.09.2024;SG;1;Abies alba;25;25;;;;
21.08.2024;WAL;MD&EP;1;2;2;13.09.2024;SG;1;Picea abies;120;120;;;;
21.08.2024;WAL;MD&EP;1;3;1;13.09.2024;SG;1;Fagus sylvatica;5;5;;;;
21.08.2024;WAL;MD&EP;1;3;1;13.09.2024;SG;1;Abies alba;25;25;;;;
21.08.2024;WAL;MD&EP;1;3;1;13.09.2024;SG;1;Picea abies;120;119;;;;
21.08.2024;WAL;MD&EP;1;3;2;13.09.2024;SG;1;Fagus sylvatica;5;5;;;;
21.08.2024;WAL;MD&EP;1;3;2;13.09.2024;SG;1;Abies alba;25;25;;;;
21.08.2024;WAL;MD&EP;1;3;2;13.09.2024;SG;1;Picea abies;120;118;;;;
21.08.2024;WAL;MD&EP;1;4;1;13.09.2024;SG;1;Fagus sylvatica;5;5;;;;
21.08.2024;WAL;MD&EP;1;4;1;13.09.2024;SG;1;Abies alba;25;25;;;;
21.08.2024;WAL;MD&EP;1;4;1;13.09.2024;SG;1;Picea abies;120;120;;;;
21.08.2024;WAL;MD&EP;1;4;2;13.09.2024;SG;1;Fagus sylvatica;5;4;;;;
21.08.2024;WAL;MD&EP;1;4;2;13.09.2024;SG;1;Abies alba;25;25;;;;
21.08.2024;WAL;MD&EP;1;4;2;13.09.2024;SG;1;Picea abies;120;116;;;;
21.08.2024;WAL;MD&EP;1;5;1;13.09.2024;SG;1;Fagus sylvatica;5;0;;;;
21.08.2024;WAL;MD&EP;1;5;1;13.09.2024;SG;1;Abies alba;25;0;;;;
21.08.2024;WAL;MD&EP;1;5;1;13.09.2024;SG;1;Picea abies;120;2;;;;
21.08.2024;WAL;MD&EP;1;5;2;13.09.2024;SG;1;Fagus sylvatica;5;5;;;;
21.08.2024;WAL;MD&EP;1;5;2;13.09.2024;SG;1;Abies alba;25;25;;;;
21.08.2024;WAL;MD&EP;1;5;2;13.09.2024;SG;1;Picea abies;120;118;;;;
21.08.2024;WAL;EP;1;6;1;10.03.2024;CT;1;Abies alba;25;25;0;;1/2 of  6_1;
21.08.2024;WAL;EP;1;6;1;10.03.2024;CT;1;Fagus sylvatica;5;5;0;;1/2 of  6_1;
21.08.2024;WAL;EP;1;6;1;10.03.2024;CT;1;Picea abies;120;120;0;;1/2 of  6_1;
21.08.2024;WAL;EP;1;6;2;10.03.2024;CT;1;Abies alba;25;24;0;;2/2 of  6_1;
21.08.2024;WAL;EP;1;6;2;10.03.2024;CT;1;Fagus sylvatica;5;5;0;;2/2 of  6_1;
21.08.2024;WAL;EP;1;6;2;10.03.2024;CT;1;Picea abies;120;122;0;;2/2 of  6_1;
21.08.2024;WAL;MD&EP;1;7;1;13.09.2024;SG;1;Fagus sylvatica;5;5;;;;
21.08.2024;WAL;MD&EP;1;7;1;13.09.2024;SG;1;Abies alba;25;24;;;;
21.08.2024;WAL;MD&EP;1;7;1;13.09.2024;SG;1;Picea abies;120;119;;;;
21.08.2024;WAL;MD;1;7;2;18.09.2024;MD;1;Fagus sylvatica;5;5;;;Presence of animal dejection;
21.08.2024;WAL;MD;1;7;2;18.09.2024;MD;1;Abies alba;25;25;;;;
21.08.2024;WAL;MD;1;7;2;18.09.2024;MD;1;Picea abies;120;117;1;Hole;;
21.08.2024;WAL;EP;1;8;1;18.09.2024;MD;1;Fagus sylvatica;5;5;;;1 bee? Found;
21.08.2024;WAL;EP;1;8;1;18.09.2024;MD;1;Abies alba;25;25;;;1 bee? Found;
21.08.2024;WAL;EP;1;8;1;18.09.2024;MD;1;Picea abies;120;119;1;Crack;1 bee? Found;
21.08.2024;WAL;MD;1;8;2;18.09.2024;MD;1;Fagus sylvatica;5;5;;;ants;
21.08.2024;WAL;MD;1;8;2;18.09.2024;MD;1;Abies alba;25;25;;;ants;
21.08.2024;WAL;MD;1;8;2;18.09.2024;MD;1;Picea abies;120;119;;;ants;
21.08.2024;WAL;MD;1;9;1;18.09.2024;MD;1;Fagus sylvatica;5;5;;;ants;
21.08.2024;WAL;MD;1;9;1;18.09.2024;MD;1;Abies alba;25;25;;;ants;
21.08.2024;WAL;MD;1;9;1;18.09.2024;MD;1;Picea abies;120;116;3;Hole;ants;
21.08.2024;WAL;MD;1;9;2;18.09.2024;MD;1;Fagus sylvatica;5;5;;;ants;
21.08.2024;WAL;MD;1;9;2;18.09.2024;MD;1;Abies alba;25;25;;;ants;
21.08.2024;WAL;MD;1;9;2;18.09.2024;MD;1;Picea abies;120;120;;;ants;
21.08.2024;WAL;EP;1;10;1;18.09.2024;MD;1;Fagus sylvatica;5;5;;;;
21.08.2024;WAL;EP;1;10;1;18.09.2024;MD;1;Abies alba;25;25;;;;
21.08.2024;WAL;EP;1;10;1;18.09.2024;MD;1;Picea abies;120;120;;;;
21.08.2024;WAL;EP;1;10;2;18.09.2024;MD;1;Fagus sylvatica;5;5;;;;
21.08.2024;WAL;EP;1;10;2;18.09.2024;MD;1;Abies alba;25;25;;;;
21.08.2024;WAL;EP;1;10;2;18.09.2024;MD;1;Picea abies;120;120;;;;
28.08.2024;WAL;MD&SG;2;1;1;25.09.2024;SG;1;Fagus sylvatica;5;5;;;;
28.08.2024;WAL;MD&SG;2;1;1;25.09.2024;SG;1;Abies alba;25;25;;;;
28.08.2024;WAL;MD&SG;2;1;1;25.09.2024;SG;1;Picea abies;120;120;;;;
28.08.2024;WAL;MD&SG;2;1;2;25.09.2024;SG;1;Fagus sylvatica;5;5;;;;
28.08.2024;WAL;MD&SG;2;1;2;25.09.2024;SG;1;Abies alba;25;25;;;;
28.08.2024;WAL;MD&SG;2;1;2;25.09.2024;SG;1;Picea abies;120;118;;;6 coats;
28.08.2024;WAL;MD&SG;2;2;1;25.09.2024;SG;1;Fagus sylvatica;5;5;;;;
28.08.2024;WAL;MD&SG;2;2;1;25.09.2024;SG;1;Abies alba;25;24;;;1 coat;
28.08.2024;WAL;MD&SG;2;2;1;25.09.2024;SG;1;Picea abies;120;88;;;29 half eaten;
28.08.2024;WAL;MD&SG;2;2;2;25.09.2024;SG;1;Fagus sylvatica;5;5;;;;
28.08.2024;WAL;MD&SG;2;2;2;25.09.2024;SG;1;Abies alba;25;25;;;;
28.08.2024;WAL;MD&SG;2;2;2;25.09.2024;SG;1;Picea abies;120;120;;;5 coats;
28.08.2024;WAL;MD&SG;2;3;1;25.09.2024;SG;1;Fagus sylvatica;5;5;;;;
28.08.2024;WAL;MD&SG;2;3;1;25.09.2024;SG;1;Abies alba;25;25;;;;
28.08.2024;WAL;MD&SG;2;3;1;25.09.2024;SG;1;Picea abies;120;120;;;8 coats;
28.08.2024;WAL;MD&SG;2;3;2;25.09.2024;SG;1;Fagus sylvatica;5;5;;;;
28.08.2024;WAL;MD&SG;2;3;2;25.09.2024;SG;1;Abies alba;25;24;;;;
28.08.2024;WAL;MD&SG;2;3;2;25.09.2024;SG;1;Picea abies;120;130;;;;
28.08.2024;WAL;MD&SG;2;4;1;25.09.2024;SG;1;Fagus sylvatica;5;0;;;;
28.08.2024;WAL;MD&SG;2;4;1;25.09.2024;SG;1;Abies alba;25;25;;;;
28.08.2024;WAL;MD&SG;2;4;1;25.09.2024;SG;1;Picea abies;120;7;;;1 coat+ 24 half eaten;
28.08.2024;WAL;MD&SG;2;4;2;25.09.2024;SG;1;Fagus sylvatica;5;5;;;;
28.08.2024;WAL;MD&SG;2;4;2;25.09.2024;SG;1;Abies alba;25;25;;;;
28.08.2024;WAL;MD&SG;2;4;2;25.09.2024;SG;1;Picea abies;120;119;;;1 coat ;
28.08.2024;WAL;MD&SG;2;5;1;25.09.2024;SG;1;Fagus sylvatica;5;0;;;;
28.08.2024;WAL;MD&SG;2;5;1;25.09.2024;SG;1;Abies alba;25;0;;;;
28.08.2024;WAL;MD&SG;2;5;1;25.09.2024;SG;1;Picea abies;120;0;;;;
28.08.2024;WAL;MD&SG;2;5;2;25.09.2024;SG;1;Fagus sylvatica;5;5;;;;
28.08.2024;WAL;MD&SG;2;5;2;25.09.2024;SG;1;Abies alba;25;25;;;;
28.08.2024;WAL;MD&SG;2;5;2;25.09.2024;SG;1;Picea abies;120;120;;;;
28.08.2024;WAL;MD&SG;2;6;1;01.10.2024;SG;1;Fagus sylvatica;5;0;;;;
28.08.2024;WAL;MD&SG;2;6;1;01.10.2024;SG;1;Abies alba;25;0;;;;
28.08.2024;WAL;MD&SG;2;6;1;01.10.2024;SG;1;Picea abies;120;1;;;;
28.08.2024;WAL;MD&SG;2;6;2;01.10.2024;SG;1;Fagus sylvatica;5;5;;;;
28.08.2024;WAL;MD&SG;2;6;2;01.10.2024;SG;1;Abies alba;25;25;;;;
28.08.2024;WAL;MD&SG;2;6;2;01.10.2024;SG;1;Picea abies;120;120;;;;
28.08.2024;WAL;MD&SG;2;7;1;01.10.2024;SG;1;Fagus sylvatica;5;5;;;;
28.08.2024;WAL;MD&SG;2;7;1;01.10.2024;SG;1;Abies alba;25;25;;;;
28.08.2024;WAL;MD&SG;2;7;1;01.10.2024;SG;1;Picea abies;120;118;;;;
28.08.2024;WAL;MD&SG;2;7;2;01.10.2024;SG;1;Fagus sylvatica;5;5;;;;
28.08.2024;WAL;MD&SG;2;7;2;01.10.2024;SG;1;Abies alba;25;25;;;;
28.08.2024;WAL;MD&SG;2;7;2;01.10.2024;SG;1;Picea abies;120;116;;;4 coats;
28.08.2024;WAL;MD&SG;2;8;1;01.10.2024;SG;1;Fagus sylvatica;5;5;;;;
28.08.2024;WAL;MD&SG;2;8;1;01.10.2024;SG;1;Abies alba;25;25;;;;
28.08.2024;WAL;MD&SG;2;8;1;01.10.2024;SG;1;Picea abies;120;119;;;;
28.08.2024;WAL;MD&SG;2;8;2;01.10.2024;SG;1;Fagus sylvatica;5;5;;;;
28.08.2024;WAL;MD&SG;2;8;2;01.10.2024;SG;1;Abies alba;25;25;;;;
28.08.2024;WAL;MD&SG;2;8;2;01.10.2024;SG;1;Picea abies;120;120;;;+119;
28.08.2024;WAL;MD&SG;2;9;1;01.10.2024;SG;1;Fagus sylvatica;5;5;;;;
28.08.2024;WAL;MD&SG;2;9;1;01.10.2024;SG;1;Abies alba;25;25;;;;
28.08.2024;WAL;MD&SG;2;9;1;01.10.2024;SG;1;Picea abies;120;120;;;;
28.08.2024;WAL;MD&SG;2;9;2;01.10.2024;SG;1;Fagus sylvatica;5;5;;;;
28.08.2024;WAL;MD&SG;2;9;2;01.10.2024;SG;1;Abies alba;25;25;;;;
28.08.2024;WAL;MD&SG;2;9;2;01.10.2024;SG;1;Picea abies;120;120;;;2 coats;
28.08.2024;WAL;MD&SG;2;10;1;01.10.2024;SG;1;Fagus sylvatica;5;5;;;;
28.08.2024;WAL;MD&SG;2;10;1;01.10.2024;SG;1;Abies alba;25;25;;;;
28.08.2024;WAL;MD&SG;2;10;1;01.10.2024;SG;1;Picea abies;120;120;;;;
28.08.2024;WAL;MD&SG;2;10;2;01.10.2024;SG;1;Fagus sylvatica;5;5;;;;
28.08.2024;WAL;MD&SG;2;10;2;01.10.2024;SG;1;Abies alba;25;25;;;;
28.08.2024;WAL;MD&SG;2;10;2;01.10.2024;SG;1;Picea abies;120;120;;;;
04.09.1924;WAL;SG;3;1;1;26.09.1924;FL;1;Fagus sylvatica;5;0;;;dead ants;
04.09.1924;WAL;SG;3;1;1;26.09.1924;FL;1;Abies alba;25;19;;;dead ants;
04.09.1924;WAL;SG;3;1;1;26.09.1924;FL;1;Picea abies;120;93;76;;dead ants;
04.09.1924;WAL;SG;3;1;2;26.09.1924;FL;1;Fagus sylvatica;5;5;;;;
04.09.1924;WAL;SG;3;1;2;26.09.1924;FL;1;Abies alba;25;25;;;;
04.09.1924;WAL;SG;3;1;2;26.09.1924;FL;1;Picea abies;120;120;;;;
04.09.1924;WAL;MD;3;2;1;26.09.1924;FL;1;Fagus sylvatica;5;0;;;;
04.09.1924;WAL;MD;3;2;1;26.09.1924;FL;1;Abies alba;25;20;20;Hole and Crack;;
04.09.1924;WAL;MD;3;2;1;26.09.1924;FL;1;Picea abies;120;115;115;Hole and Crack;;
04.09.2024;WAL;SG;3;2;2;26.09.2024;JK;1;Abies alba;25;25;;;week?  Lots of ants;
04.09.2024;WAL;SG;3;2;2;26.09.2024;JK;1;Fagus sylvatica;5;5;;;;
04.09.2024;WAL;SG;3;2;2;26.09.2024;JK;1;Picea abies;120;119;;;;
04.09.1924;WAL;SG;3;3;1;26.09.1924;FL;1;Fagus sylvatica;5;0;;;dead ants;
04.09.1924;WAL;SG;3;3;1;26.09.1924;FL;1;Abies alba;25;6;6;Hole and Crack;dead ants;
04.09.1924;WAL;SG;3;3;1;26.09.1924;FL;1;Picea abies;120;44;42;Hole and Crack;dead ants;
04.09.1924;WAL;EP;3;3;2;26.09.1924;FL;1;Fagus sylvatica;5;5;1;Hole;;
04.09.1924;WAL;EP;3;3;2;26.09.1924;FL;1;Abies alba;25;25;;;;
04.09.1924;WAL;EP;3;3;2;26.09.1924;FL;1;Picea abies;120;118;1;Crack;;
04.09.1924;WAL;SG;3;4;1;26.09.1924;FL;1;Fagus sylvatica;5;0;;;;
04.09.1924;WAL;SG;3;4;1;26.09.1924;FL;1;Abies alba;25;2;;;;
04.09.1924;WAL;SG;3;4;1;26.09.1924;FL;1;Picea abies;120;17;17;;;
04.09.1924;WAL;MD;3;4;2;26.09.1924;FL;1;Fagus sylvatica;5;5;;;;
04.09.1924;WAL;MD;3;4;2;26.09.1924;FL;1;Abies alba;25;25;;;;
04.09.1924;WAL;MD;3;4;2;26.09.1924;FL;1;Picea abies;120;117;1;Hole;;
04.09.1924;WAL;MD;3;5;1;26.09.1924;FL;1;Fagus sylvatica;5;0;;;;
04.09.1924;WAL;MD;3;5;1;26.09.1924;FL;1;Abies alba;25;13;13;Hole and Crack;;
04.09.1924;WAL;MD;3;5;1;26.09.1924;FL;1;Picea abies;120;106;106;Hole and Crack;;
04.09.1924;WAL;SG;3;5;2;26.09.1924;FL;1;Fagus sylvatica;5;5;;;;
04.09.1924;WAL;SG;3;5;2;26.09.1924;FL;1;Abies alba;25;26;;;there seems to be a mistake, since there are more seeds than before ;
04.09.1924;WAL;SG;3;5;2;26.09.1924;FL;1;Picea abies;120;120;;;;
04.09.2024;WAL;EP;3;6;1;26.09.2024;JK;1;Abies alba;25;1;;;week?;
04.09.2024;WAL;EP;3;6;1;26.09.2024;JK;1;Fagus sylvatica;5;0;;;;
04.09.2024;WAL;EP;3;6;1;26.09.2024;JK;1;Picea abies;120;0;;;;
04.09.1924;WAL;MD;3;6;2;26.09.1924;FL;1;Fagus sylvatica;5;5;1;Crack;;
04.09.1924;WAL;MD;3;6;2;26.09.1924;FL;1;Abies alba;25;25;;;;
04.09.1924;WAL;MD;3;6;2;26.09.1924;FL;1;Picea abies;120;120;1;Hole;dead ants;
04.09.1924;WAL;MD;3;7;1;26.09.1924;FL;1;Fagus sylvatica;5;0;;;dead ant;
04.09.1924;WAL;MD;3;7;1;26.09.1924;FL;1;Abies alba;25;9;9;Hole and Crack;dead ant;
04.09.1924;WAL;MD;3;7;1;26.09.1924;FL;1;Picea abies;120;120;119;Hole and Crack;dead ant;
04.09.1924;WAL;SG;3;7;2;26.09.1924;FL;1;Fagus sylvatica;5;5;1;Crack;;
04.09.1924;WAL;SG;3;7;2;26.09.1924;FL;1;Abies alba;25;25;;;;
04.09.1924;WAL;SG;3;7;2;26.09.1924;FL;1;Picea abies;120;120;2;Hole;dead ants;
04.09.2024;WAL;MD&SG;3;8;1;26.09.2024;JK;1;Abies alba;25;1;1;Crack;week?;
04.09.2024;WAL;MD&SG;3;8;1;26.09.2024;JK;1;Fagus sylvatica;5;0;;;;
04.09.2024;WAL;MD&SG;3;8;1;26.09.2024;JK;1;Picea abies;120;13;;;;
04.09.1924;WAL;SG;3;8;2;26.09.1924;FL;1;Fagus sylvatica;5;5;;;dead ants;
04.09.1924;WAL;SG;3;8;2;26.09.1924;FL;1;Abies alba;25;25;;;dead ants;
04.09.1924;WAL;SG;3;8;2;26.09.1924;FL;1;Picea abies;120;120;;;dead ants;
04.09.2024;WAL;MD;3;9;1;26.09.2024;JK;1;Abies alba;25;2;;;week?;
04.09.2024;WAL;MD;3;9;1;26.09.2024;JK;1;Fagus sylvatica;5;0;;;;
04.09.2024;WAL;MD;3;9;1;26.09.2024;JK;1;Picea abies;120;8;;;;
04.09.1924;WAL;SG;3;9;2;26.09.1924;FL;1;Fagus sylvatica;5;5;;;;
04.09.1924;WAL;SG;3;9;2;26.09.1924;FL;1;Abies alba;25;24;;;dead ants;
04.09.1924;WAL;SG;3;9;2;26.09.1924;FL;1;Picea abies;120;120;2;Hole;dead ants;
04.09.1924;WAL;SG;3;10;1;26.09.1924;FL;1;Fagus sylvatica;5;0;;;dead ants;
04.09.1924;WAL;SG;3;10;1;26.09.1924;FL;1;Abies alba;25;6;6;Hole and Crack;dead ants;
04.09.1924;WAL;SG;3;10;1;26.09.1924;FL;1;Picea abies;120;103;102;Hole and Crack;dead ants;
04.09.1924;WAL;SG;3;10;2;26.09.1924;FL;1;Fagus sylvatica;5;5;1;Hole;dead ant;
04.09.1924;WAL;SG;3;10;2;26.09.1924;FL;1;Abies alba;25;25;;;;
04.09.1924;WAL;SG;3;10;2;26.09.1924;FL;1;Picea abies;120;120;2;Hole;dead ant;
